stop_id,stop_name,lat,lon,mode
10199,via gonin via m di lorenteggio,45.44093107068621,9.118749916249588,tram
10200,via gonin via m di lorenteggio,45.44106415462088,9.118842229210916,tram
10204,via gonin via giordani,45.44247836232636,9.12352391833325,tram
10205,via gonin via giordani,45.44268989368249,9.123834630280577,tram
10305,p.le cimitero maggiore,45.502928086261775,9.121392903812598,tram
10308,p.le cimitero maggiore,45.50328224643474,9.120652313236471,tram
10314,v.le certosa (cimitero  maggiore),45.5033675161857,9.12213519633695,tram
10323,roserio (ospedale sacco),45.51733729872277,9.119779662170174,tram
10335,s.cristoforo m4,45.44472580925469,9.13043234772966,tram
10336,s.cristoforo m4,45.44469925331765,9.130039087913772,tram
10341,via giambellino via odazio,45.446345038257185,9.135141804929578,tram
10342,via giambellino via odazio,45.44609357820742,9.134658486655628,tram
10448,v.le certosa via giorgini,45.5022351938719,9.12464314886684,tram
10449,v.le certosa via giorgini,45.50238433475264,9.12406747689934,tram
10450,v.le certosa via cormons,45.50135578100206,9.126303583859016,tram
10453,v.le certosa via cormons,45.50126529085,9.126738573580813,tram
10456,v.le certosa via gradisca,45.49967740681406,9.130051662632674,tram
10462,v.le certosa via gradisca,45.50014189166592,9.129225561781578,tram
10464,v.le certosa via tibullo,45.497971921524055,9.13378665576698,tram
10466,v.le certosa via tibullo,45.49815215520182,9.133603095242153,tram
10469,p.le cacciatori delle alpi,45.504359877914304,9.136924686914126,tram
10471,via grassi,45.513802251162446,9.125553821589817,tram
10472,via grassi,45.513808916895115,9.125705150226784,tram
10473,l.go boccioni,45.511592581787475,9.128058016148914,tram
10474,l.go boccioni,45.51156967762677,9.128272284063932,tram
10480,via mambretti,45.509306158805394,9.1320388193954,tram
10481,via palizzi via mambretti,45.50841398428451,9.13494234263048,tram
10519,p.le negrelli,45.444005911456685,9.139875736259691,tram
10523,via l. il moro via guintellino,45.444904712600525,9.142690695421347,tram
10524,via l. il moro via guintellino,45.44489179536145,9.1430231248203,tram
10525,p.le zavattari,45.475363227311576,9.143464630505292,rapid_bus
10529,via l. il moro cavalcavia don milani,45.44571833550687,9.147016407878256,tram
10530,via l. il moro cavalcavia don milani,45.445588610713,9.145870662441364,tram
10536,"via l. il moro, 25",45.44652811411695,9.150720448845703,tram
10537,"via l. il moro, 25",45.44642668693519,9.149707728710544,tram
10539,l.go gelsomini l.go giambellino,45.447654036140165,9.13944156311927,tram
10540,l.go gelsomini l.go giambellino,45.44761143459404,9.139100809261263,tram
10547,via brunelleschi,45.448967640847215,9.1435273343716,tram
10548,via giambellino via curio dentato,45.44869904326828,9.1423789446884,tram
10556,via brunelleschi,45.44933743459898,9.14438340362566,tram
10560,via giambellino via vignoli,45.4504966465041,9.147983117063587,tram
10561,via giambellino via vignoli,45.45051215949748,9.148355436740491,tram
10564,via giambellino via tolstoj,45.45126725805135,9.150649918150634,tram
10583,v.le bezzi via trivulzio,45.46559327845103,9.14650510945873,rapid_bus
10586,p.za ghirlandaio,45.46636448193271,9.146282887047278,rapid_bus
10589,v.le bezzi via marostica,45.46275134817444,9.14814301191352,rapid_bus
10594,p.le tripoli,45.459823760268414,9.149874852854396,rapid_bus
10595,p.le tripoli,45.460809923385014,9.14945377136761,rapid_bus
10596,v.le bezzi via marostica,45.46337273303912,9.147900004488417,rapid_bus
10597,v.le misurata,45.45754031472893,9.151155796170656,rapid_bus
10612,p.za m.te falterona,45.47452216413171,9.139797338073892,tram
10613,segesta m5,45.475385655529685,9.137824001744072,tram
10618,p.za m.te falterona,45.47367399634515,9.141083961217277,tram
10619,via dolci via ricciarelli,45.47243722722715,9.142533079854358,tram
10621,via dolci via ricciarelli,45.472254005211894,9.142964222672116,tram
10622,v.le murillo via ricciarelli,45.47340490446914,9.143945824082282,rapid_bus
10624,p.le brescia,45.46961848760592,9.145127517717643,rapid_bus
10625,p.le brescia,45.46977590346112,9.14520787464786,rapid_bus
10626,p.le brescia (osp. san luca),45.47185159490355,9.144450404459024,rapid_bus
10627,p.le brescia (osp. san luca),45.471995529885426,9.144514736912162,rapid_bus
10628,p.za ghirlandaio,45.467187260051155,9.145877622334249,rapid_bus
10629,p.le brescia (osp. san luca),45.46979287228503,9.146020249809837,tram
10630,p.le brescia (osp. san luca),45.47004057465215,9.1458833666212,tram
10632,via faruffini via correggio,45.46832619524192,9.147967398578702,tram
10633,de angeli m1,45.46702933726272,9.149678038918356,tram
10634,via faruffini via correggio,45.46819674218928,9.148315547500198,tram
10635,de angeli m1,45.4671102855096,9.149724623738528,tram
10644,lotto m1 m5,45.47968472345449,9.142651902269217,rapid_bus
10650,p.le zavattari,45.47670976065077,9.142757961820864,rapid_bus
10653,lotto m1 m5,45.4801070302055,9.143244732288355,rapid_bus
10654,p.za stuparich,45.48215138081276,9.14327394333496,rapid_bus
10655,p.za stuparich,45.48255574887915,9.142886250985732,rapid_bus
10657,v.le serra v.le scarampo,45.48493555295474,9.14365201857584,rapid_bus
10662,v.le serra v.le scarampo,45.48479119810849,9.143921968449412,rapid_bus
10675,v.le certosa via casella,45.49438903812054,9.14168267685893,tram
10678,v.le certosa via casella,45.49458732203127,9.141470402197053,tram
10680,p.le accursio,45.493127125451295,9.144429751904152,tram
10682,v.le espinasse via casella,45.495431038887475,9.143379475653012,tram
10683,v.le espinasse via casella,45.4956148414301,9.143420460958136,tram
10685,v.le espinasse p.le accursio,45.49413384309295,9.144484062115133,tram
10686,v.le espinasse p.le accursio,45.49354369052311,9.144686492689354,tram
10688,v.le certosa via grosotto,45.49162709922448,9.14797855700613,tram
10689,v.le certosa via grosotto,45.491702126377994,9.147570996411568,tram
10692,v.le serra via traiano,45.4881872567112,9.148860559305064,rapid_bus
10693,v.le serra via traiano,45.48895156663791,9.14945442749872,rapid_bus
10694,v.le certosa v.le serra,45.490113896018045,9.151055048943078,tram
10697,v.le certosa via giannini,45.496175717361865,9.138009149774264,tram
10698,v.le certosa via giannini,45.49629332246284,9.137516689327397,tram
10699,v.le espinasse via palizzi,45.50300735563,9.13808820069383,tram
10701,p.le santorre di santarosa,45.50093987967356,9.13953592219592,tram
10703,v.le espinasse via palizzi,45.50280677283159,9.138688471407011,tram
10705,p.le santorre di santarosa,45.50030460239752,9.140116735505783,tram
10707,v.le espinasse via nuvolone,45.49785873372144,9.141827346750706,tram
10708,v.le espinasse via nuvolone,45.49800755812345,9.141578138742169,tram
10713,via c. marcello via m.te altissimo,45.50215081376329,9.143599447614204,tram
10716,via c. marcello (villapizzone),45.50091379674572,9.14595294733107,tram
10717,via c. marcello (villapizzone),45.501053136794226,9.145892431139911,tram
10720,p.za castelli,45.499239432710944,9.149644772346178,tram
10721,via c. marcello via ferrario,45.50007090516614,9.147676733236112,tram
10722,via c. marcello via ferrario,45.50000881182953,9.148000999343315,tram
10723,p.za castelli,45.49897793033472,9.150041561357009,tram
10724,p.za castelli,45.499100873388024,9.150686649891394,tram
10725,certosa,45.50780271006252,9.137223460560156,tram
10727,certosa,45.507971392919366,9.137091542694725,tram
10814,v.le cassala,45.44505273056469,9.162207556758904,rapid_bus
10817,v.le cassala,45.44471012261267,9.163668803563112,rapid_bus
10820,via giambellino via tolstoj,45.45146927529911,9.151034109238145,tram
10823,bolivar m4,45.454653219689945,9.15286025452857,rapid_bus
10824,p.za napoli,45.45215953260474,9.153158861430898,tram
10825,p.za napoli,45.45230407057084,9.153864214475911,tram
10826,p.za napoli,45.452090384524176,9.154379988115307,rapid_bus
10827,bolivar m4,45.45565744342597,9.152404140950472,rapid_bus
10830,via l. il moro via pestalozzi,45.44748508461027,9.15531533197806,tram
10832,p.za napoli,45.45284242523822,9.154043132462636,rapid_bus
10840,ponte guido crepax,45.44803375069226,9.15779786676682,rapid_bus
10841,ponte guido crepax,45.44839766841826,9.157767856145115,rapid_bus
10844,ponte guido crepax,45.44823647078521,9.158742908554627,tram
10845,ponte guido crepax,45.44815765061634,9.157849733278336,tram
10846,via solari via stendhal,45.45390256343448,9.158789144588726,tram
10848,via solari via stendhal,45.454073191861696,9.159070981976171,tram
10850,ripa di p.ta ticinese via d'adda,45.448670740443234,9.160379370384351,tram
10854,p.za del rosario,45.455260275854734,9.163018224743606,tram
10855,p.za del rosario,45.45520692919273,9.16255445825692,tram
10856,ripa di p.ta ticinese via lombardini,45.44948800549408,9.164253374156608,tram
10857,ripa di p.ta ticinese via lombardini,45.449264600731816,9.16370592565482,tram
10859,v.le misurata,45.457513117428576,9.15130280691962,rapid_bus
10874,c.so vercelli via cherubini,45.466716500620365,9.158086307330638,tram
10881,c.so vercelli via cherubini,45.46656236810577,9.158891766765198,tram
10888,c.so vercelli l.go settimio severo,45.46632833210884,9.162108258790916,tram
10890,p.le aquileia,45.46105535240566,9.163317780715609,tram
10891,c.so vercelli l.go settimio severo,45.46637712535076,9.16261047856906,tram
10893,p.le aquileia,45.46133245384763,9.163143985888142,tram
10894,v.le s. michele del carso p.za de meis,45.46340023745391,9.164047341152544,tram
10896,v.le s. michele del carso p.za de meis,45.4639229837198,9.164120715680388,tram
10897,p.le baracca,45.465684940251315,9.164780241139372,tram
10898,p.le baracca,45.46615210715993,9.16446386388881,tram
10899,p.le baracca,45.46635593740335,9.164837798270412,tram
10905,p.za piemonte,45.46706618563851,9.15356677883006,tram
10906,p.za piemonte,45.46691547674653,9.15408617237739,tram
10926,via monti via comerio,45.47618864405657,9.162317186204534,tram
10931,via monti via savoia cavalleria,45.474358036849814,9.164699558163516,tram
10932,via monti via savoia cavalleria,45.47474152189106,9.164043394314536,tram
10944,c.so sempione via e. filiberto,45.48568960857371,9.158814255518172,tram
10945,c.so sempione via e. filiberto,45.48613389304157,9.158395103692872,tram
10947,p.za sei febbraio,45.477100070201566,9.1606693355928,tram
10949,p.za sei febbraio,45.47772124232908,9.160595930031905,tram
10953,c.so sempione via arona,45.484228992696174,9.160574393739855,tram
10957,c.so sempione via arona,45.48398078105152,9.161061531310995,tram
10960,domodossola fn m5,45.48242743348496,9.16295125554393,tram
10961,domodossola fn m5,45.48213243002403,9.16351642495558,tram
10964,v.le certosa v.le serra,45.48962893138913,9.151137435831751,rapid_bus
10965,v.le certosa v.le serra,45.489901761512726,9.15178274487719,tram
10967,v.le certosa v.le serra,45.4905729851363,9.151930190171813,rapid_bus
10968,via da panicale,45.4932469974406,9.151385453218817,tram
10969,via da panicale,45.493280213380366,9.15122023100174,tram
10971,via bartolini v.le m.te ceneri,45.49107480323232,9.153606401636702,tram
10972,via bartolini v.le m.te ceneri,45.491435708582834,9.152959505905436,tram
10973,via bartolini v.le m.te ceneri,45.49171832369997,9.153643340495176,rapid_bus
10974,p.za prealpi,45.49458537971538,9.15346074585456,tram
10975,p.za prealpi,45.49469342103691,9.15343864170231,tram
10976,via bartolini v.le m.te ceneri,45.49148833960867,9.153985050617162,rapid_bus
10977,via mac mahon via artieri,45.495647657785554,9.155069654637066,tram
10978,p.za firenze,45.48783379679555,9.156072059883783,tram
10979,p.za firenze,45.487857761421544,9.15619451369246,tram
10983,p.za firenze,45.48861761372335,9.156498999706564,tram
10987,p.za firenze,45.48782788865606,9.157454906939863,tram
10988,p.za firenze,45.48791795873158,9.157044126467486,tram
10989,p.za firenze,45.48846978934965,9.156361562528614,tram
10990,via mac mahon v.le m.te ceneri,45.493437490256994,9.15697547903953,rapid_bus
10991,via mac mahon v.le m.te ceneri,45.49373929584788,9.156776346252714,rapid_bus
10992,via mac mahon v.le m.te ceneri,45.49427457986053,9.15734345611059,tram
10995,via mac mahon v.le m.te ceneri,45.49390149327058,9.158065894983254,tram
10999,p.za caneva,45.48771134468527,9.16130727954638,tram
11001,p.za caneva,45.4877921570341,9.161446673825624,tram
11002,via mac mahon via caracciolo,45.49119188714067,9.16159624292082,tram
11003,via mac mahon via caracciolo,45.491105362963154,9.161479846352744,tram
11006,via mac mahon via p. eugenio,45.48941998543133,9.163727656976342,tram
11008,p.za diocleziano,45.48771068210894,9.164930337809388,tram
11009,p.za diocleziano,45.48803489500373,9.16552450117988,tram
11010,via mac mahon via p. eugenio,45.489336481138906,9.16407490659778,tram
11013,via mac mahon via bramantino,45.497822274139935,9.152679182546256,tram
11014,via mac mahon via bramantino,45.49756958967033,9.153171259325436,tram
11015,via mac mahon via artieri,45.496297389560304,9.154699621228762,tram
11016,via mac mahon via artieri,45.49585749041538,9.15545313559327,tram
11018,bovisa (politecnico),45.50311671224239,9.1611639741289,rapid_bus
11019,via bovisasca via morghen,45.50465712827567,9.160272323994828,rapid_bus
11020,via bovisasca via morghen,45.50529638859193,9.160134926980694,rapid_bus
11023,via vare',45.50177876444582,9.162088155073777,rapid_bus
11024,bovisa (politecnico),45.503194401601526,9.161271153704805,rapid_bus
11025,via broglio via vare',45.502506963246674,9.162707841886714,rapid_bus
11033,via durando via cosenz,45.50622357863133,9.163256163372148,rapid_bus
11060,v.le romagna (rozzano),45.383450084794035,9.167271496215324,tram
11061,v.le romagna (rozzano),45.383515731596674,9.167060996274811,tram
11062,via grandi via buozzi (rozzano),45.38430256468405,9.170631857981071,tram
11063,via grandi via buozzi (rozzano),45.383936547187865,9.170610232453331,tram
11064,via curiel viale isonzo (rozzano),45.38910699322325,9.17208979310852,tram
11065,via curiel viale isonzo (rozzano),45.389574997593385,9.172126340451626,tram
11066,via curiel via lambro (rozzano),45.39426089864121,9.173022268929705,tram
11067,via curiel via lambro (rozzano),45.39437078271812,9.172886441278273,tram
11078,via dei missaglia via saponaro,45.41019143867493,9.174412044563203,tram
11080,via dei missaglia via saponaro,45.41061633033413,9.17430348648128,tram
11081,via dei missaglia via feraboli,45.41419224138045,9.174865835809516,tram
11082,via dei missaglia via feraboli,45.41451757998066,9.174781517740168,tram
11087,via curiel via maggi (rozzano),45.3982212426621,9.173456479017233,tram
11088,via curiel via maggi (rozzano),45.3982866916617,9.173378065198632,tram
11091,gratosoglio,45.40368470061791,9.173935845505806,tram
11093,via dei missaglia via baroni,45.403840143156415,9.17463772960112,tram
11094,gratosoglio,45.4036587543418,9.174441839253287,tram
11095,via dei missaglia (scuola santarosa),45.40660278876406,9.17476999685518,tram
11096,via dei missaglia (scuola santarosa),45.406789258457664,9.17458546291745,tram
11105,via dei missaglia via de ruggiero,45.418250296222155,9.175477688396034,tram
11106,via dei missaglia via de ruggiero,45.41858468778556,9.17535966663707,tram
11107,via dei missaglia (isola anita),45.42311046167841,9.176840751854789,tram
11108,via dei missaglia (isola anita),45.42277725509295,9.176948360581193,tram
11109,via dei missaglia via s. abbondio,45.42475692150946,9.17698688581392,tram
11110,via dei missaglia via s. abbondio,45.42449624009258,9.177092256109091,tram
11111,via dei missaglia via boifava,45.42665402224709,9.177285812025584,tram
11112,via dei missaglia via boifava,45.42706989960587,9.17718094880696,tram
11130,p.za abbiategrasso m2,45.42929108740327,9.17745374284866,tram
11131,p.za abbiategrasso m2,45.429426370378394,9.177600882229909,tram
11135,via montegani via neera,45.433239900238085,9.177664955234611,tram
11136,via montegani via neera,45.4329067207521,9.177754999863987,tram
11137,via montegani via palmieri,45.434832555468915,9.178008738450217,tram
11138,via montegani via palmieri,45.43512075228057,9.177904168312464,tram
11139,via montegani v.le da cermenate,45.43724888237979,9.17830398996062,tram
11146,romolo m2,45.44403404176719,9.167472524567764,rapid_bus
11147,romolo m2,45.444143148610046,9.167290570532549,rapid_bus
11148,p.za belfanti,45.44391970790189,9.171738175187668,rapid_bus
11149,p.za belfanti,45.443833955918,9.171899348317906,rapid_bus
11157,v.le liguria,45.44366193008294,9.17552705815117,rapid_bus
11160,v.le liguria,45.44376140413705,9.17522527929227,rapid_bus
11162,via montegani v.le da cermenate,45.43816118429785,9.17830462038544,tram
11163,via meda via spaventa,45.44013323290261,9.178618321448363,tram
11164,via meda via spaventa,45.44133115950043,9.178645518576117,tram
11165,v.le tibaldi via meda,45.44329644742155,9.179039055056634,tram
11166,v.le tibaldi via meda,45.44350858564241,9.178646534294725,rapid_bus
11167,v.le tibaldi via meda,45.443612752697206,9.178226499453514,rapid_bus
11168,v.le tibaldi via meda,45.443787100020984,9.178978268749535,tram
11169,l.go mahler,45.44579839270643,9.179261140195567,tram
11171,via montevideo,45.456255379487835,9.165810809670749,tram
11172,via montevideo,45.456281860823545,9.166170593775409,tram
11173,via valenza alzaia nav. grande,45.450850748798544,9.1685540894815,tram
11174,via valenza alzaia nav. grande,45.45068173039207,9.168099013984955,tram
11175,v.le coni zugna via solari,45.45702777264718,9.169007178084527,tram
11176,v.le coni zugna via solari,45.45705919719919,9.168505274256171,tram
11177,p.ta genova m2,45.452415006679125,9.169855193776186,tram
11178,p.ta genova m2,45.45277018297433,9.170100843185132,tram
11179,p.ta genova m2,45.45341837612089,9.170021258564606,tram
11181,p.ta genova m2,45.45355823411787,9.1697848904969,tram
11182,p.ta genova m2,45.45329365286895,9.1704904287946,tram
11184,v.le coni zugna via solari,45.45747038482218,9.168979848441568,tram
11187,p.le cantore,45.45531001837954,9.172079622389516,tram
11190,via vigevano via corsico,45.453062033046535,9.173441141264954,tram
11191,via vigevano via corsico,45.45300703091922,9.17289170555046,tram
11192,p.le cantore,45.4549974788167,9.172740570069172,tram
11193,c.so colombo p.le cantore,45.45492721873755,9.172249516826437,tram
11198,via vigevano v.le gorizia,45.45278505406227,9.175811896345914,tram
11199,via vigevano v.le gorizia,45.452750771579645,9.176249178815285,tram
11203,coni zugna m4,45.459416250190664,9.166030851838457,tram
11204,coni zugna m4,45.459613201629054,9.165508867271797,tram
11210,p.le baracca,45.46619801460055,9.165118758803455,tram
11212,v.le coni zugna via solari,45.45721215736016,9.169227469015638,tram
11216,s. maria delle grazie (cenacolo vinciano),45.46566415396233,9.17010436405913,tram
11217,s. maria delle grazie (cenacolo vinciano),45.465736612920345,9.169800778496574,tram
11230,l.go d'ancona,45.465809571367394,9.175143140955116,tram
11231,l.go d'ancona,45.466146775018416,9.17536164378772,tram
11233,l.go d'ancona,45.46658019134942,9.17500343039071,tram
11241,c.so magenta via nirone,45.46580781017129,9.178011436558664,tram
11242,conciliazione m1,45.46736287049656,9.165307164565158,tram
11245,conciliazione m1,45.46787195459962,9.16529153363377,tram
11246,via ariosto,45.46927082484032,9.165836097405096,tram
11249,via ariosto,45.46995361139653,9.165919162747391,tram
11251,l.go quinto alpini,45.47212238723958,9.167045400442529,tram
11252,l.go quinto alpini,45.472603165441136,9.1675761390801,tram
11253,l.go quinto alpini,45.472563614463105,9.16692356624594,tram
11254,l.go quinto alpini,45.47209441853359,9.16770576414246,tram
11255,via venti settembre,45.469857816471446,9.17064944698852,tram
11256,via venti settembre,45.470183129496085,9.170009409460985,tram
11258,via pagano via canova,45.474188246890954,9.170014813561432,tram
11259,via pagano via canova,45.473612077660206,9.169326509128386,tram
11261,arco della pace,45.477046713995016,9.170698110797138,tram
11262,arco della pace,45.47630907908898,9.17151874060575,tram
11263,p.za virgilio,45.468297821477705,9.172530012209029,tram
11264,p.za virgilio,45.4684734392965,9.172464986260689,tram
11266,via monti p.za virgilio,45.46754449144249,9.17368380604883,tram
11269,cadorna m1 m2,45.46803057963247,9.17595425323818,tram
11270,cadorna m1 m2,45.46795044154165,9.17625390492007,tram
11279,c.so sempione via procaccini,45.48021139290065,9.16605453488117,tram
11281,c.so sempione via procaccini,45.48032951430216,9.165749336333668,tram
11282,c.so sempione via villasanta,45.479196548170435,9.16735864628568,tram
11283,c.so sempione via villasanta,45.47935033067698,9.166951561055807,tram
11284,c.so sempione via procaccini,45.48098485239347,9.166374199037762,tram
11287,c.so sempione via canova,45.47787186499716,9.168973934673096,tram
11289,p.za gramsci,45.48173444573206,9.167737503802172,tram
11290,p.za gramsci,45.48203105968846,9.168023079752295,tram
11291,c.so sempione via canova,45.47834145029435,9.168495603424534,tram
11296,via procaccini via lomazzo,45.48333298161439,9.170203808755131,tram
11297,via procaccini via lomazzo,45.48372327358008,9.17104310514032,tram
11316,p.za diocleziano,45.48761561141722,9.165318759439728,tram
11317,p.za diocleziano,45.48835080843085,9.165364760447916,tram
11320,via cenisio via induno,45.48752122372004,9.168322494567676,tram
11321,via cenisio via induno,45.48762067620993,9.168914738086537,tram
11322,cenisio m5,45.4874032914933,9.173055239299146,tram
11323,cenisio m5,45.48750244738888,9.172977150159154,tram
11325,lancetti,45.49519196896583,9.176027524368694,tram
11326,lancetti,45.49525652165382,9.17567167390501,tram
11327,lancetti,45.4954593203315,9.176906110828057,rapid_bus
11329,bausan,45.501579206197185,9.166297125053218,tram
11331,p.le lugano,45.49797316961939,9.16708646922262,rapid_bus
11332,p.le lugano,45.49814601165733,9.16697789313856,rapid_bus
11333,via imbriani via scalvini,45.49919562429124,9.16924486226842,tram
11334,via imbriani via scalvini,45.498978083778894,9.169260505256904,tram
11335,bausan,45.501795829706296,9.165883365680168,tram
11338,p.le nigra,45.49639225870631,9.17130506220633,tram
11339,p.le nigra,45.49695967048561,9.170739128015192,tram
11341,p.le nigra,45.49652594013452,9.171864103401422,rapid_bus
11342,p.le nigra,45.4966369883743,9.171507907102663,rapid_bus
11345,v.le jenner,45.4968780810908,9.177045469360024,rapid_bus
11346,v.le jenner,45.49695045207877,9.176810518263244,rapid_bus
11361,p.le nigra,45.49582292414841,9.171938721764116,rapid_bus
11419,l.go mahler,45.44610864437738,9.17944274121777,tram
11441,c.so s. gottardo via lagrange,45.44866450074452,9.179724170257462,tram
11442,c.so s. gottardo via lagrange,45.44900666933712,9.179642133371788,tram
11443,p.za ventiquattro maggio,45.451872721308206,9.18013877931562,tram
11444,p.za ventiquattro maggio,45.45232347201405,9.179045475425603,tram
11451,v.le col di lana,45.45199723242266,9.183913410990664,tram
11452,v.le col di lana,45.45213829072638,9.1834685684038,tram
11458,p.ta lodovica,45.4510617844616,9.18628741826278,tram
11459,p.ta lodovica,45.451566506749906,9.186592624788425,tram
11460,p.ta lodovica,45.45178052085888,9.187113043220675,tram
11461,p.ta lodovica,45.451590541729274,9.187488897083306,tram
11462,c.so italia via lusardi,45.45407322428999,9.186945759190134,tram
11463,c.so italia via lusardi,45.45363489253454,9.187016852601635,tram
11464,s.sofia m4,45.45591143126358,9.187459206538568,tram
11465,s.sofia m4,45.45668843821394,9.187397789759515,tram
11469,via bocconi,45.45094292098397,9.190077843848924,tram
11471,via bocconi,45.45098267141849,9.190601635406,tram
11483,via meravigli,45.465710377431165,9.1810446058365,tram
11485,via meravigli,45.46569129331792,9.181727301721423,tram
11491,via orefici p.za cordusio,45.46456896535264,9.187226862890077,tram
11492,cordusio m1,45.46548198087506,9.185848317612493,tram
11493,cordusio m1,45.465669593851146,9.186818325837448,tram
11494,cordusio m1,45.46585180590114,9.185470997657143,tram
11497,cordusio m1,45.46620776326088,9.186134369498408,tram
11498,c.so italia (missori m3),45.459311507231526,9.187849709487605,tram
11499,c.so italia (missori m3),45.4601811302992,9.1882455531077,tram
11500,duomo m1 m3,45.46296868848586,9.188402243406154,tram
11503,duomo m1 m3,45.463254458666434,9.188562750320973,tram
11505,duomo m1 m3,45.46391231041966,9.187986542717788,tram
11509,via grossi,45.46557791415665,9.187838159399533,tram
11510,missori m3,45.46020281179637,9.188842210392927,tram
11511,missori m3,45.460495630207866,9.188571157325168,tram
11512,duomo m1 m3,45.463212035597245,9.189723404831264,tram
11514,missori m3,45.46092791205976,9.189938109637188,tram
11515,missori m3,45.460757289224176,9.190403498650744,tram
11519,sforza - policlinico m4,45.45771810164928,9.19309373346517,tram
11520,sforza - policlinico m4,45.458207553886794,9.192461464513851,tram
11521,foro buonaparte via ricasoli,45.467634018953824,9.179824306213852,tram
11522,foro buonaparte via ricasoli,45.46758103888399,9.179170140678158,tram
11532,arena,45.47537190479378,9.181389854529076,tram
11533,arena,45.47522926782076,9.18157025170724,tram
11535,cairoli m1,45.46815957117155,9.181930875941704,tram
11536,cairoli m1,45.468313734990446,9.182578686466965,tram
11541,lanza m2,45.47199799207993,9.182048643414484,tram
11542,lanza m2,45.47219197535332,9.181967838276988,tram
11544,via cusani,45.46886445187909,9.184554650682662,tram
11546,via cusani,45.46884117578953,9.184833167968163,tram
11547,via cusani,45.46938518368561,9.18517554397744,tram
11548,via cusani,45.46952911116477,9.185230382817346,tram
11557,teatro alla scala,45.46638177706048,9.188888157447282,tram
11558,teatro alla scala,45.467576994365245,9.190046631454276,tram
11560,montenapoleone m3,45.46930642086593,9.192004890696548,tram
11570,p.za lega lombarda,45.47812482392751,9.180776512107071,tram
11572,p.za lega lombarda,45.47872181271618,9.180743935997134,tram
11573,v.le montello,45.47987787644189,9.18110108468675,tram
11574,v.le montello,45.48024701416969,9.181039889499262,tram
11575,p.le baiamonti,45.481664021867225,9.181444132062362,tram
11577,p.le baiamonti,45.4831068841092,9.181527435465505,tram
11587,via farini via ferrari,45.4851500972392,9.181852403671645,tram
11588,via farini via ferrari,45.48546482140464,9.182047673123732,tram
11608,via bernina,45.495611838336465,9.180949841735748,tram
11609,via farini via valtellina,45.489054333796,9.182911289111962,tram
11610,via bernina,45.495621351880054,9.181569586971792,tram
11611,via ugo bassi,45.48867730387098,9.18332549678961,tram
11612,via farini via valtellina,45.4893054836904,9.183150496607023,tram
11613,via farini via alserio,45.49098974364801,9.183832084479816,tram
11614,via farini via alserio,45.49160187419151,9.183988346859788,tram
11615,via ugo bassi,45.48880219246709,9.184026532980194,tram
11616,via farini v.le stelvio,45.49433576783999,9.18528274617908,tram
11617,via farini v.le stelvio,45.494597379908576,9.18502205768185,tram
11618,via farini v.le stelvio,45.49483069187968,9.185362755782863,tram
11619,via porro lambertenghi,45.48920738713457,9.186712024911944,tram
11620,via farini v.le stelvio,45.494379765810585,9.18590360246277,rapid_bus
11622,via farini v.le stelvio,45.494537785788864,9.185593764449168,rapid_bus
11627,via porro lambertenghi,45.48909443927795,9.186978789660248,tram
11631,p.le lagosta,45.48963897341251,9.190827286428684,tram
11636,v.le stelvio via lario,45.49325205201046,9.190219202096747,rapid_bus
11639,zara m3 m5,45.492032980217104,9.192173121797197,tram
11641,v.le stelvio via lario,45.493111114427755,9.191072988545054,rapid_bus
11664,v.le ca' granda via cherasco,45.50831932211891,9.191811817452718,tram
11672,v.le ca' granda via cherasco,45.50848475987346,9.19226220632162,tram
11713,via ripamonti via dell'assunta,45.4333161717579,9.201071121319622,tram
11714,via ripamonti via quaranta,45.436146434470416,9.200649290548377,tram
11715,via ripamonti via quaranta,45.43561677237774,9.200625490498505,tram
11720,via ripamonti via noto,45.43143570210281,9.201782632256156,tram
11721,via ripamonti via noto,45.43177940386007,9.201499039467258,tram
11722,via ripamonti via dell'assunta,45.43380206435492,9.201088325921983,tram
11736,v.le isonzo via ripamonti,45.44674522769278,9.197977018981394,tram
11737,v.le isonzo via ripamonti,45.44672945908752,9.197903461874796,tram
11740,via ripamonti via lorenzini,45.44348002293067,9.198896103890084,tram
11741,via ripamonti via lorenzini,45.44328048803333,9.198859562998551,tram
11752,v.le bligny,45.45090604545045,9.193742376802811,tram
11753,v.le bligny,45.45098528274888,9.19439979095626,tram
11754,crocetta m3,45.45542365427531,9.195554496164709,tram
11755,via ripamonti v.le sabotino,45.45090103164595,9.19629857258388,tram
11756,via ripamonti v.le sabotino,45.4506962029816,9.196959069927312,tram
11757,via ripamonti v.le sabotino,45.45116147571736,9.196639965997722,tram
11758,c.so p.ta vigentina,45.45352498699214,9.196210144233184,tram
11759,c.so p.ta vigentina,45.453635659510994,9.19601832189448,tram
11761,crocetta m3,45.455933809596694,9.195599791853091,tram
11762,crocetta m3,45.45614365872691,9.196577317135022,tram
11764,crocetta m3,45.45617131635051,9.196096206429816,tram
11765,via ripamonti via bellezza,45.44831105372781,9.19756358557396,tram
11766,via ripamonti via bellezza,45.44887523839076,9.197298118532354,tram
11767,via ripamonti v.le sabotino,45.45098063076161,9.197118902587311,tram
11770,via lamarmora via commenda,45.45669776671941,9.199342625124988,tram
11771,v.le sabotino,45.45088502359765,9.200341234407166,tram
11772,v.le sabotino,45.45098403718012,9.200530148921374,tram
11773,p.ta romana m3,45.451396587576184,9.202418303630257,tram
11774,via lamarmora,45.45730191623963,9.202997837114411,tram
11775,via lamarmora via commenda,45.45688714484742,9.201236948080451,tram
11777,p.ta romana m3,45.45168363503676,9.20259900760179,tram
11782,v.le monte nero via pier lombardo,45.45526993588801,9.204260309975428,tram
11783,v.le monte nero via pier lombardo,45.45494993879496,9.204230738881323,tram
11788,p.za fontana,45.46332715809376,9.19402878413009,tram
11793,via larga,45.46271294536127,9.194209656471095,tram
11794,via larga,45.46237318133517,9.193722512687314,tram
11797,l.go augusto,45.46276079362171,9.197616917306744,tram
11798,l.go augusto,45.46253700352338,9.197855123542665,tram
11810,palazzo di giustizia,45.46237590702857,9.20002205110529,tram
11816,palazzo di giustizia,45.46230073107984,9.200777154151076,tram
11820,c.so p.ta vittoria (camera del lavoro),45.46235095045023,9.203298874538834,tram
11823,c.so p.ta vittoria (camera del lavoro),45.46227484327708,9.203826994576833,tram
11824,v.le monte nero via bergamo,45.45750944492381,9.205608489649782,tram
11825,v.le monte nero via bergamo,45.45741526206413,9.205425892894082,tram
11826,v.le monte nero via bergamo,45.45772621378816,9.206025472200643,tram
11827,v.le monte nero via bergamo,45.45752630740749,9.206241648486923,tram
11829,montenapoleone m3,45.47023651978441,9.19290033578832,tram
11830,via manzoni via pisoni,45.47103511282447,9.193786878785662,tram
11835,p.za cavour,45.47262704969325,9.195105720202932,tram
11837,turati m3,45.47603911678434,9.194703267244645,tram
11838,turati m3,45.47556213980143,9.194658447982988,tram
11840,p.za cavour,45.472784386419434,9.195211806901224,tram
11849,v.le vittorio veneto,45.47691009776966,9.201130567295465,tram
11850,v.le vittorio veneto,45.4764553896733,9.201220110561994,tram
11855,v.le piave,45.47220645935906,9.206526974577947,tram
11856,p.ta venezia m1,45.47444499613835,9.205625238634466,tram
11859,p.le principessa clotilde (osp. fatebenefratelli),45.48034954236224,9.19256537746768,tram
11860,p.le principessa clotilde (osp. fatebenefratelli),45.4802217377368,9.19273613976948,tram
11862,v.le monte santo,45.47934661471528,9.194915376269666,tram
11863,v.le monte santo,45.479736813316414,9.194827692595076,tram
11864,v.le monte santo,45.47965804076672,9.194200422370384,tram
11871,repubblica m3,45.47812115342001,9.197441874076157,tram
11874,p.za s. gioachimo,45.48082320724001,9.197296333804054,tram
11876,repubblica m3,45.47789070166693,9.197790551220702,tram
11877,repubblica m3,45.4782062337019,9.197398502982985,tram
11879,via filzi via adda,45.48311479542391,9.199410801098663,tram
11880,via filzi via pirelli,45.48355060420022,9.199834595405816,tram
11882,v.le vittorio veneto,45.476743105447994,9.200348862820288,tram
11886,v.le tunisia,45.47831168894563,9.202584528541951,tram
11887,v.le tunisia,45.478450338859254,9.203072818100743,tram
11888,v.le tunisia,45.478851153211075,9.20292071940093,tram
11889,stazione centrale p.za duca d'aosta m2 m3,45.4842311347843,9.20316611768015,tram
11890,stazione centrale p.za duca d'aosta m2 m3,45.48463486810332,9.202595957089894,tram
11891,p.za cincinnato,45.47990247478578,9.203930486996136,tram
11892,p.za cincinnato,45.47992918102203,9.204096917129524,tram
11893,via vitruvio,45.482485821873865,9.206406123847737,tram
11895,zara m3 m5,45.49250871557768,9.193355356559945,rapid_bus
11896,zara m3 m5,45.49229661508259,9.193691506401716,rapid_bus
11898,zara m3 m5,45.49234399728089,9.192977017699096,tram
11903,marche m5,45.495920263590705,9.195016487166756,tram
11906,v.le sauro via oldofredi,45.49132205679567,9.19776164105689,rapid_bus
11907,v.le sauro via oldofredi,45.49142682034197,9.197035747688034,rapid_bus
11909,p.za carbonari,45.494715885530496,9.197495137149213,tram
11910,p.za carbonari,45.49481492878691,9.197476285326433,tram
11915,stazione centrale m2 m3,45.486869355467746,9.202076277618572,tram
11916,stazione centrale m2 m3,45.48681688394865,9.201869913455752,tram
11917,sondrio m3,45.48979559851631,9.20080043089242,rapid_bus
11918,sondrio m3,45.48995781725422,9.2006858316397,rapid_bus
11923,stazione centrale m2 m3,45.486997621809294,9.202777088985387,tram
11925,v.le lunigiana via gioia,45.49223104929301,9.203707149508348,tram
11928,stazione centrale via tonale,45.488070414247744,9.204188652483747,rapid_bus
11929,stazione centrale via tonale,45.48860480486675,9.203722892428264,tram
11930,stazione centrale via tonale,45.48820219293961,9.203478905862209,tram
11931,stazione centrale via tonale,45.488327456991506,9.20390005161023,rapid_bus
11936,v.le lunigiana,45.491075501590686,9.205995690951148,tram
11938,v.le lunigiana,45.491448035690105,9.205534377793295,tram
11944,marche m5,45.495917171118414,9.19438471500985,tram
11947,v.le zara via laurana,45.499444650806424,9.1963775804137,tram
11948,v.le zara via laurana,45.49894327019319,9.196754671960903,tram
11950,istria m5,45.50155385388465,9.197550144460571,tram
11956,istria m5,45.50184994076185,9.198387637790482,tram
11958,v.le testi via dolcebuono,45.50408128384495,9.1989965807933,tram
11961,v.le testi via dolcebuono,45.50404137749107,9.19960928423722,tram
11963,v.le ca' granda via val furva,45.50764777269474,9.194661813814127,tram
11964,v.le ca' granda via val furva,45.507749324159235,9.195425922466802,tram
11966,v.le ca' granda v.le suzzani,45.50687778173158,9.19781859769552,tram
11968,v.le ca' granda v.le suzzani,45.50703745334873,9.198310473477992,tram
11972,ca' granda m5,45.506362153017584,9.20001390385169,tram
11973,ca' granda m5,45.5067659320817,9.200509795573875,tram
11974,ca' granda m5,45.5066486308005,9.199908399825675,tram
11977,ca' granda m5,45.50672884402273,9.20112756787578,tram
11978,v.le testi via pianell,45.508018111924365,9.20190034384794,tram
11979,v.le testi via pianell,45.50878030460146,9.20164968507854,tram
11986,v.le testi via s. marcellina,45.51163797824656,9.203263400142786,tram
12051,via bergamo,45.45640467659549,9.2092718985126,tram
12052,via bergamo,45.45645034469113,9.208909162025549,tram
12056,via cadore via bergamo,45.455699785993815,9.210802429390142,tram
12059,via cadore via bergamo,45.45551396778391,9.211505154983712,tram
12062,via comelico,45.45469608828346,9.213275006953548,tram
12064,via tertulliano via lattanzio,45.4503698289087,9.213949291576444,rapid_bus
12065,v.le umbria via comelico,45.453478646298066,9.214506156268348,tram
12066,v.le umbria via comelico,45.453594914955715,9.214903054211057,rapid_bus
12067,via comelico,45.4546004225982,9.213802073123356,tram
12068,via tertulliano via lattanzio,45.450051923505214,9.215477875454605,rapid_bus
12069,via tito livio,45.45198619959204,9.21598078781625,tram
12070,v.le umbria via comelico,45.45329290152049,9.215157686841586,rapid_bus
12071,v.le umbria via comelico,45.45371807671948,9.215352721772218,tram
12073,via tertulliano via decembrio,45.449562546301394,9.216702235658191,rapid_bus
12074,via tito livio,45.45189980510451,9.216448840309864,tram
12077,via maestri campionesi,45.45526604863676,9.216525644580123,rapid_bus
12078,via maestri campionesi,45.45550066047122,9.216216398244658,rapid_bus
12079,via caroncini via tertulliano,45.44949824022841,9.21791668707914,rapid_bus
12081,p.za salgari,45.44992192322383,9.219937242577394,rapid_bus
12082,p.za salgari,45.45032672131082,9.220066695697929,tram
12086,v.le monte nero via spartaco,45.459597301951945,9.207113006219911,tram
12088,v.le monte nero via spartaco,45.459959232909966,9.207267340744531,tram
12089,p.za 5 giornate,45.461785620455714,9.207715177176931,tram
12090,p.za 5 giornate,45.461763770655935,9.207360280011478,tram
12091,p.za 5 giornate,45.4627626707168,9.20747822385298,tram
12092,v.le premuda,45.465328259705885,9.207314165573909,tram
12093,v.le premuda,45.4654590314144,9.207172337081303,tram
12094,p.za 5 giornate,45.46221127485078,9.208755999215418,tram
12095,p.za 5 giornate,45.46230262123693,9.208027380601882,tram
12098,p.za s.maria del suffragio,45.462282525129055,9.211623156174529,tram
12099,p.za s.maria del suffragio,45.46219023166235,9.211041631028047,tram
12108,via cadore c.so ventidue marzo,45.46218757534091,9.21427691441972,tram
12111,via cadore c.so ventidue marzo,45.462253804838625,9.2149582814346,tram
12114,via arconati,45.45794279188659,9.217087439629736,rapid_bus
12115,via arconati,45.457595556297925,9.217453817959337,rapid_bus
12125,p.za emilia,45.46224835509944,9.217839415346,tram
12126,p.za emilia,45.46216150426289,9.218542580875404,tram
12127,p.za grandi,45.46222129165059,9.220221618881414,tram
12129,tricolore m4,45.46750801145576,9.207124274516683,tram
12130,tricolore m4,45.46823636548964,9.206885074228826,tram
12132,v.le piave,45.472029528760785,9.206844609730808,tram
12133,v.le piave,45.47168805051787,9.206718937394156,tram
12136,p.za otto novembre,45.47475903014011,9.210843912863314,tram
12139,via bixio,45.47236038585983,9.21096198107905,tram
12140,via bixio,45.47247228389951,9.2112950219205,tram
12141,p.za otto novembre,45.47463232780918,9.211402232468105,tram
12145,p.za adelaide di savoia,45.47278202757693,9.214141088054951,tram
12146,p.za adelaide di savoia,45.47319213909165,9.214281280805803,tram
12154,p.za adelaide di savoia,45.47303185399691,9.215314224179386,tram
12163,p.za ascoli,45.47325876634246,9.216698374343764,tram
12168,p.za ascoli,45.47302664429523,9.218064776204171,tram
12169,p.za ascoli,45.473832393207566,9.217981522516704,tram
12172,via vitruvio,45.48216163236909,9.206491311093409,tram
12174,via vitruvio,45.48253945136378,9.206704403566038,tram
12175,via settembrini,45.48353076476618,9.2078829144272,tram
12176,p.za luigi di savoia,45.48665171763817,9.207270676680976,rapid_bus
12177,p.za luigi di savoia,45.48651658489637,9.207335763501352,rapid_bus
12180,via settembrini,45.48377001796959,9.208032671950154,tram
12182,caiazzo m2,45.4851535610539,9.20946292194136,tram
12183,caiazzo m2,45.485571004515144,9.210064288238849,tram
12184,caiazzo m2,45.48561289820611,9.209306268493778,rapid_bus
12185,caiazzo m2,45.48547321699045,9.209396924786065,rapid_bus
12189,v.le andrea doria,45.48567077037339,9.212094458698568,rapid_bus
12193,v.le andrea doria,45.48540258731741,9.213246144647009,rapid_bus
12197,p.le loreto via pergolesi,45.4829525597776,9.214461058500468,rapid_bus
12198,p.le loreto via pergolesi,45.48358915294665,9.213379030461432,rapid_bus
12208,via piccinni v.le abruzzi,45.48206666414725,9.21647777689949,rapid_bus
12210,loreto m1 m2,45.48423726558689,9.215756711269178,rapid_bus
12211,loreto m1 m2,45.48423233354766,9.21598541906749,rapid_bus
12226,v.le gran sasso via garofalo,45.48268775604576,9.219000451734214,rapid_bus
12227,v.le gran sasso via garofalo,45.48288570870815,9.218867286088829,rapid_bus
12242,v.le brianza,45.487641738599194,9.21222821077916,tram
12243,v.le brianza,45.48818101281523,9.212650927110529,tram
12245,via venini via battaglia,45.489348537382014,9.214046992880917,tram
12246,via venini via battaglia,45.48975758209727,9.214314080544472,tram
12247,via venini via sauli,45.490794862037,9.215556154786611,tram
12248,via venini via sauli,45.49133437109302,9.21584775308184,tram
12249,p.za morbegno,45.49336723796191,9.216121704188591,tram
12253,p.za morbegno,45.49263841264195,9.216430227279831,tram
12254,greco rovereto,45.49499902311141,9.216241700590931,tram
12280,bicocca m5,45.5149208573665,9.20573092571042,tram
12281,v.le rodi (bicocca m5),45.51501712831899,9.206696535391169,tram
12302,v.le testi via s. glicerio,45.51876625044593,9.207305305229152,tram
12306,v.le testi via s. glicerio,45.51860861143341,9.207834313226146,tram
12311,ponale m5,45.522033034632145,9.209168052395942,tram
12312,ponale m5,45.52217514286526,9.209845564438591,tram
12320,bignami m5,45.525952534368486,9.212013919695272,tram
12333,p.le gabriele rosa,45.437313802262544,9.223365929198351,rapid_bus
12335,v.le omero,45.432477645979425,9.224684426001742,rapid_bus
12336,v.le omero via barabino,45.43458085575423,9.22394006221474,rapid_bus
12337,v.le omero via barabino,45.43500266842566,9.22457137763,rapid_bus
12338,p.le gabriele rosa,45.43673989551521,9.224560678505055,rapid_bus
12349,v.le martini,45.43864894645253,9.224139922488208,rapid_bus
12350,v.le martini,45.43892325123506,9.22425607774028,rapid_bus
12351,corvetto m3,45.44070502755726,9.224477292047569,rapid_bus
12352,corvetto m3,45.44079757374351,9.224033291358914,rapid_bus
12354,p.le bologna,45.443504457136626,9.224426042264977,rapid_bus
12355,p.le bologna,45.44340713037386,9.223988902965592,rapid_bus
12363,p.za salgari,45.450360208580946,9.221371225391898,rapid_bus
12372,v.le puglie,45.45004799462501,9.224114473228148,rapid_bus
12373,v.le puglie,45.44833429862892,9.224029563535058,rapid_bus
12374,p.le cuoco,45.451208925527496,9.22464517995122,tram
12375,p.le cuoco,45.45178236679158,9.22368831158318,rapid_bus
12376,p.le cuoco,45.45196565345047,9.22431887334287,rapid_bus
12377,v.le molise via cadibona,45.45319468647463,9.224119448945617,rapid_bus
12378,v.le molise via cadibona,45.45392543330899,9.223863335480877,rapid_bus
12379,v.le molise,45.4568343620452,9.22389981924712,rapid_bus
12381,v.le molise,45.45673047410654,9.224091867709234,rapid_bus
12382,p.le cuoco,45.451208281540474,9.224972880756129,tram
12383,via del turchino via maspero,45.45180214990913,9.227350712949214,tram
12384,via del turchino via maspero,45.45187886144405,9.22724871210418,tram
12385,via monte velino,45.45306348705708,9.22892428667122,tram
12387,via varsavia via m.te velino,45.452605181533514,9.229216218127757,tram
12390,p.za grandi,45.46216635145518,9.221065259416491,tram
12391,v.le campania v.le corsica,45.46218610428,9.224432887690067,tram
12392,v.le campania v.le corsica,45.46213464935473,9.223465308544506,tram
12393,v.le campania v.le corsica,45.46247542751841,9.223774173321758,rapid_bus
12394,v.le campania v.le corsica,45.46302526328531,9.223972394397483,rapid_bus
12395,v.le campania via archimede,45.46583290376613,9.223725793653518,rapid_bus
12396,v.le campania via archimede,45.46600633671836,9.223936749777938,rapid_bus
12397,via sismondi v.le campania,45.46558828588186,9.22453750816288,rapid_bus
12398,via sismondi v.le campania,45.46550131824037,9.225279079415522,rapid_bus
12400,v.le corsica via battistotti sassi,45.46231937041979,9.22826027171177,tram
12401,via sismondi p.za adigrat,45.46560896404483,9.227737108965414,rapid_bus
12402,v.le corsica via lomellina,45.46223458349075,9.229487090590029,tram
12403,via lomellina via sismondi,45.46554717056581,9.229382188497096,rapid_bus
12404,via lomellina via sismondi,45.465869730668466,9.230117420784088,rapid_bus
12405,v.le corsica via lomellina,45.46229914642892,9.23095031487797,tram
12407,v.le corsica via negroli,45.46218340607653,9.231962690810034,tram
12412,p.za aspari,45.471680889423006,9.221845327399706,tram
12413,p.za aspari,45.471914030180805,9.220926147734758,tram
12415,p.za carlo erba,45.4748934928489,9.220859409872055,tram
12418,p.za carlo erba,45.475310517846545,9.221646260444304,tram
12420,susa m4,45.469457578518416,9.223674664897413,rapid_bus
12421,susa m4,45.46959332437386,9.22389473448437,rapid_bus
12422,p.za ferravilla,45.47094022599633,9.224281248930456,tram
12423,p.za ferravilla,45.47104985821336,9.223365800285755,tram
12424,p.za ferravilla,45.471242661020696,9.223650858537198,rapid_bus
12425,p.za ferravilla,45.471751943421616,9.223873703767053,rapid_bus
12427,l.go rio de janeiro,45.473929076941346,9.223847960161653,rapid_bus
12428,v.le romagna via pascoli,45.47578619317094,9.22380572508179,rapid_bus
12429,v.le romagna via pascoli,45.47586485674989,9.223214083227406,tram
12430,v.le romagna via pascoli,45.47631201185627,9.223590393275602,rapid_bus
12431,v.le romagna via pascoli,45.47635864737583,9.224205986983176,tram
12435,via pascoli p.za l. da vinci,45.47677861324805,9.22551259502855,tram
12437,via b. angelico via colombo,45.47095733622032,9.22684712253318,tram
12438,via b. angelico via colombo,45.470876181532205,9.226498127758187,tram
12443,via b. angelico via aselli,45.47089727815646,9.229878793512496,tram
12444,via b. angelico via aselli,45.47122998178787,9.230044853300484,rapid_bus
12446,p.le gorini (istituto dei tumori),45.47375542576581,9.22971608461729,rapid_bus
12449,via b. angelico via aselli,45.469743733188935,9.230166320019604,rapid_bus
12450,via b. angelico via aselli,45.47098117433685,9.23068028910347,tram
12451,p.le gorini (istituto dei tumori),45.472925898845745,9.230429146217457,rapid_bus
12453,via celoria (istituto besta),45.476432508972685,9.230072387215404,rapid_bus
12460,via amadeo via paladini,45.47092169361387,9.233379344769215,tram
12461,via amadeo via paladini,45.47101111211282,9.233669152676889,tram
12464,l.go rio de janeiro,45.47370166397697,9.223619119225464,rapid_bus
12475,v.le gran sasso (piola m2),45.48091403848966,9.222813183557832,rapid_bus
12476,v.le gran sasso (piola m2),45.48078988937613,9.22279847957448,rapid_bus
12478,v.le romagna (piola m2),45.47923574679472,9.223547612868083,rapid_bus
12479,v.le romagna (piola m2),45.47928483894787,9.223763641743076,rapid_bus
12486,via pascoli p.za l. da vinci,45.4771255012519,9.22559560418945,tram
12489,p.za leonardo da vinci (politecnico),45.47909650940822,9.225702617023908,tram
12490,p.za leonardo da vinci (politecnico),45.47934197918333,9.226743172021244,tram
12493,via celoria (istituto besta),45.47715733784407,9.229948988959936,rapid_bus
12494,via bassini via ponzio,45.479264094675734,9.229688855658514,tram
12497,via bassini via ponzio,45.47888110145201,9.230074404949123,rapid_bus
12498,via bassini via ponzio,45.4794418566089,9.230810722020747,rapid_bus
12499,via bassini via ponzio,45.479368940427214,9.230269844750223,tram
12503,via bassini via golgi,45.47998500604346,9.2337221841689,rapid_bus
12505,via bassini via golgi,45.48023577306946,9.233964737691384,tram
12620,"v.le ungheria, 20",45.44580809567046,9.246282918699524,tram
12641,via mecenate via maderna,45.455646038100994,9.24427286278118,tram
12642,via mecenate via maderna,45.455465844811826,9.24466945211157,tram
12643,via mecenate via zante,45.45419780068076,9.2462530218908,tram
12644,via mecenate via zante,45.45411619289881,9.246530829717283,tram
12646,stazione forlanini m4,45.462009501371945,9.236148620863736,tram
12647,stazione forlanini m4,45.46207532295142,9.235993025594349,tram
12650,repetti m4,45.46165421118109,9.238198461917907,tram
12651,repetti m4,45.46151046560943,9.238068351094052,tram
12676,via amadeo via s. benigno,45.47113957470838,9.236611634636883,tram
12677,via amadeo via s. benigno,45.47094287364035,9.23621625455744,tram
12678,ortica,45.47140759272796,9.237825069550068,tram
12698,via bassini via golgi,45.4805529405094,9.234518935887394,tram
12699,via bassini via golgi,45.48065317723351,9.234570825762342,rapid_bus
12702,via valvassori peroni,45.48096588463039,9.23602616285791,rapid_bus
12703,via valvassori peroni,45.48119474760347,9.236346997248123,tram
12704,via valvassori peroni,45.4814593750227,9.236783141160762,tram
12705,via valvassori peroni,45.48169846845335,9.236509041890509,rapid_bus
12706,stazione lambrate m2,45.48423440469212,9.236192805253982,rapid_bus
12707,stazione lambrate m2,45.48456675956885,9.235868893005335,tram
12709,stazione lambrate m2,45.48490155702625,9.236472175762389,tram
12717,rimembranze di lambrate,45.48268501623365,9.241402532988134,tram
12820,v.le ungheria l.go gonzaga ice hockey arena,45.44603792317299,9.251501488576352,tram
12822,v.le ungheria via mecenate,45.44704785397293,9.255201668485372,tram
12823,v.le ungheria via mecenate,45.44681827957813,9.25469807577781,tram
12827,v.le ungheria,45.44581533862783,9.24531669778912,tram
12832,via mecenate via fantoli,45.450794001198105,9.251040247392869,tram
12834,via mecenate via fantoli,45.45108777289942,9.250475662360678,tram
12838,via mecenate via quintiliano,45.449326910842615,9.2530462592214,tram
12840,via mecenate via quintiliano,45.44934986572017,9.252841753663052,tram
12937,de angeli m1,45.46668800714686,9.149135079876666,tram
12941,p.le lagosta,45.48956188453012,9.19147655617521,tram
12969,p.ta venezia v.le tunisia,45.476608952532565,9.20679510069933,tram
12970,p.ta venezia v.le tunisia,45.476473202372304,9.207390197643406,tram
12978,bausan,45.50239737402972,9.164973409751406,tram
12979,v.le ungheria,45.44524847293079,9.245223136241789,tram
12984,lorenteggio,45.441747475420506,9.116991911575235,tram
12991,p.za s. gioachimo,45.481460925635496,9.198079067048944,tram
13156,v.le umbria via muratori,45.45018393183115,9.212271738160256,rapid_bus
13157,v.le umbria (lodi m3),45.447896471176286,9.21048248796937,rapid_bus
13158,lodi m3,45.44701851461403,9.208488396857051,rapid_bus
13159,p.za trento,45.44679077210018,9.203801325931217,rapid_bus
13160,v.le isonzo via ripamonti,45.44656789809428,9.19840307605938,rapid_bus
13161,v.le toscana via vittadini,45.44638969869048,9.19472289690862,rapid_bus
13162,v.le toscana (stazione tibaldi),45.445884595587664,9.187868976614876,rapid_bus
13164,lodi m3,45.446733302523754,9.209137089087688,rapid_bus
13165,v.le umbria (lodi m3),45.44817489549952,9.210812806093806,rapid_bus
13166,v.le umbria via muratori,45.450353686854825,9.212589355793302,rapid_bus
13168,v.le toscana (stazione tibaldi),45.44582904090242,9.188000628650116,rapid_bus
13169,v.le toscana via vittadini,45.44628711075897,9.194179083827962,rapid_bus
13170,v.le isonzo via ripamonti,45.4464431677769,9.197660973442376,rapid_bus
13171,p.za trento,45.44673021889897,9.20410604964261,rapid_bus
13172,p.za salgari,45.45047994697821,9.219958590464826,tram
13803,lodi m3,45.446956244225454,9.207811212345645,rapid_bus
13804,p.za trento,45.447166854596745,9.203406444193384,rapid_bus
13805,lodi m3,45.4467747088838,9.208277696939966,rapid_bus
14075,via cosenz via grazzini,45.506511526360505,9.16012876438498,rapid_bus
14871,p.za emilia,45.46194758332732,9.21743854472516,rapid_bus
14872,p.za emilia,45.46171218063933,9.21728159350326,rapid_bus
14884,bignami m5,45.525694433737726,9.211244570230615,tram
14904,via c. marcello via m.te altissimo,45.5019995985647,9.142691511583433,tram
14905,p.le santorre di santarosa,45.50084452155528,9.140230068507222,tram
14909,roserio (ospedale sacco),45.51735433955295,9.119743259753845,tram
14970,roserio (ospedale sacco),45.517672494770174,9.119795812333074,tram
14972,v.le espinasse via palizzi,45.50288801542231,9.13890389158896,tram
14998,p.le accursio,45.492826234712865,9.145373362710924,tram
15082,vigentino,45.42188720066654,9.20339432922544,tram
15083,via ripamonti via chopin,45.425522128098166,9.203409227012258,tram
15084,via ripamonti via val di sole,45.429143768300854,9.202439218112843,tram
15085,via ripamonti via chopin,45.425377276507234,9.203367113107555,tram
15099,via ripamonti via val di sole,45.428639660184416,9.202466181565448,tram
15286,via pulci v.le sarca,45.51428623210236,9.207517910012951,tram
15287,universitÃ  bicocca scienza,45.513618781181584,9.211277465029568,tram
15288,universitÃ  bicocca scienza,45.51373279831758,9.211276290665584,tram
15289,stazione greco pirelli,45.51343311822967,9.214047605706757,tram
15290,stazione greco pirelli,45.513367580493146,9.213884958008247,tram
15291,arcimboldi ateneo nuovo,45.51589219687067,9.213776436985416,tram
15292,arcimboldi ateneo nuovo,45.51571827384108,9.21372710236836,tram
15293,l.go mattei,45.51393890643063,9.221282311375068,tram
15294,l.go mattei,45.514047300597454,9.221084294482806,tram
15365,medeghino,45.43142424938511,9.18049458421704,tram
15366,medeghino,45.4314547547512,9.180345684201727,tram
15367,agrippa,45.4327383282065,9.183059578495534,tram
15368,agrippa,45.43278906031751,9.182911930563169,tram
15369,volvinio,45.43462552146468,9.183710054824274,tram
15370,volvinio,45.43440514773011,9.1836150544798,tram
15371,g. da cermenate,45.43772680366979,9.183451606788358,tram
15372,g. da cermenate,45.43763573948679,9.183378857626428,tram
15373,pezzotti,45.44121965072845,9.18318001140699,tram
15374,pezzotti,45.4407078778589,9.18310104111813,tram
15375,tibaldi,45.444414635468235,9.183423693006358,tram
15376,tibaldi,45.444450946769265,9.18323200701786,tram
15377,giambologna,45.445679450262425,9.18466315336087,tram
15378,giambologna,45.44555532333733,9.184530734613755,tram
15379,castelbarco,45.448759601069774,9.1856196669502,tram
15380,castelbarco,45.44866933593362,9.185465853286235,tram
15381,p.za fontana,45.463371063877226,9.194050730638898,tram
15384,maciachini m3,45.49815443689674,9.185789405475711,tram
15385,maciachini m3,45.49824939992581,9.185554675134629,tram
15386,valassina,45.50106328467576,9.188264459930874,tram
15387,valassina,45.50103786663731,9.188105313503476,tram
15388,nizza,45.50316056955988,9.189139302729386,tram
15389,nizza,45.50303318247823,9.188962823642196,tram
15390,niguarda (ospedale),45.50864873291231,9.189595638022602,tram
15391,niguarda (ospedale),45.50858334986449,9.18941635278673,tram
15401,v.le lunigiana,45.49142682052756,9.20562947592763,tram
15411,niguarda (ospedale),45.508654058689366,9.190507808649985,tram
15412,niguarda (ospedale),45.50894724935432,9.190403465292045,tram
15523,porta vittoria,45.459526582374494,9.224031876885372,rapid_bus
15524,porta vittoria,45.45949599808484,9.223819731191016,rapid_bus
15528,via filzi via galvani,45.484813844515045,9.20063400723434,tram
15529,via filzi via pirelli,45.48422517961918,9.20012008547802,tram
15533,maciachini m3,45.497516281898925,9.185686660070834,tram
15612,v.le lunigiana via gioia,45.49241447173912,9.203580433705463,tram
15632,v.le murillo via ricciarelli,45.47307609105737,9.144165674554063,rapid_bus
15637,p.le delle milizie v.le troya,45.44993821100001,9.155918578280115,rapid_bus
15638,p.le delle milizie v.le troya,45.45013068953485,9.155832505915194,rapid_bus
15646,precotto (interno deposito),45.51786275244646,9.23290245254461,tram
15647,tremelloni,45.51394650534023,9.22752194409156,tram
15648,precotto m1,45.51360829700353,9.224656089695875,tram
15649,precotto m1,45.513493160393615,9.224713896559864,tram
15650,tremelloni,45.51384546522201,9.227619234206244,tram
15873,via tremelloni via anassagora,45.51429807371847,9.231082702913431,tram
15877,cinisello (primo maggio),45.55990332992874,9.211074207329633,tram
15878,monte ortigara (cinisello b.),45.55981435467517,9.213389703322932,tram
15879,villa ghirlanda (cinisello b.),45.557912045883974,9.214617457111364,tram
15880,liberta' (cinisello b.),45.553272781487934,9.216640065322474,tram
15881,gorky monfalcone (cinisello b.),45.551070258031984,9.21759244535878,tram
15882,parco nord (osp.bassini)(cinisello b.),45.545636919425654,9.21800660024646,tram
15883,parco nord (ist. tecnico)(cinisello b.),45.53735952531537,9.217606638084243,tram
15884,parco nord clerici (sesto s.g.),45.533696875327806,9.215380272701989,tram
15885,parco nord clerici (sesto s.g.),45.53379221865485,9.215644859939337,tram
15886,parco nord (ist. tecnico)(cinisello b.),45.53749638409426,9.217866769879947,tram
15887,parco nord (osp.bassini)(cinisello b.),45.545709873343085,9.21812378435188,tram
15888,gorky monfalcone (cinisello b.),45.55119604102562,9.217713033855023,tram
15889,liberta' (cinisello b.),45.55341220923322,9.21668544074144,tram
15890,villa ghirlanda (cinisello b.),45.558019941434864,9.21467872721515,tram
15893,gramsci (cinisello b.),45.5556394795764,9.215507024087616,tram
15894,parco nord (torretta),45.52980427087123,9.213350968450529,tram
15895,parco nord (torretta),45.52982772561776,9.213554483922843,tram
15896,gramsci (cinisello b.),45.55579044551431,9.215624754304477,tram
15926,monte ortigara (cinisello b.),45.55973154409931,9.213911649038089,tram
16723,stazione lambrate m2,45.484929644974734,9.2363478771017,rapid_bus
16939,lancetti,45.49506479053659,9.175690161242684,rapid_bus
16961,p.za castello (cairoli m1),45.46937150544387,9.181748636314412,tram
17142,niguarda (ospedale),45.50854811700057,9.189760515716252,tram
17157,v.le testi via la farina,45.51670546320756,9.20614699412662,tram
17158,bicocca m5,45.51492178087722,9.205121295914225,tram
17160,v.le testi via la farina,45.51622580093298,9.20648762720938,tram
17171,via mambretti,45.50948243509889,9.131379947445758,tram
17270,v.le piceno,45.46580011787152,9.217387774916066,rapid_bus
17271,dateo m4,45.46838807103132,9.21730336406593,rapid_bus
17272,v.le dei mille p.za novelli,45.47030537648479,9.217256351101542,rapid_bus
17273,p.za ascoli,45.474004890362274,9.217204426476355,rapid_bus
17274,v.le abruzzi via plinio,45.47742077916269,9.217200487371654,rapid_bus
17277,p.le bacone,45.48053560169791,9.217120081886256,rapid_bus
17303,v.le testi via s. marcellina,45.51166509241163,9.203964605047576,tram
17326,stazione garibaldi m2 m5,45.48391370590025,9.186249594071988,tram
17327,via farini via ferrari,45.48573172106831,9.182436205886363,tram
17328,via farini via ferrari,45.48560810067087,9.182718808448858,tram
17329,stazione garibaldi m2 m5,45.483717818289925,9.18637062479918,tram
17330,via rosales,45.481261486204446,9.188254838689312,tram
17331,v.le m.te grappa via gioia,45.48072143020596,9.189658904798817,tram
17337,p.le lagosta,45.49003088833755,9.191315937947223,tram
17360,segesta m5,45.47552216441688,9.138659316175117,tram
17386,p.le bacone,45.48057636349579,9.216984456965882,rapid_bus
17387,v.le abruzzi via plinio,45.476455936087405,9.21705745827989,rapid_bus
17388,p.za ascoli,45.47303499247764,9.21709232114596,rapid_bus
17389,v.le dei mille p.za novelli,45.4709671313086,9.217161343817084,rapid_bus
17390,dateo m4,45.46843779488481,9.217188423960613,rapid_bus
17391,v.le piceno,45.46584537171103,9.21725683332441,rapid_bus
17436,repubblica m3,45.47797288895953,9.1976816630066,tram
17466,p.za esquilino,45.47609211913172,9.1324140155842,tram
17467,san siro ippodromo m5,45.47612818087658,9.128411158826651,tram
17468,p.za axum (stadio meazza),45.4761684742418,9.124526651381418,tram
17469,san siro stadio m5,45.47675202586568,9.122094962674586,tram
17470,san siro stadio m5,45.47609820129283,9.12307963052924,tram
17471,san siro ippodromo m5,45.476047243756526,9.12834700527964,tram
17472,p.za esquilino,45.47598976817096,9.131688534266488,tram
17473,segesta m5,45.47570217839544,9.138247496747164,tram
17550,domodossola fn m5,45.48144588812151,9.161850828668369,tram
17551,domodossola fn m5,45.48139760715048,9.162041429524873,tram
17552,v.le boezio,45.47971505314088,9.160172378315668,tram
17553,p.za ventiquattro maggio,45.451869007087986,9.17931141081176,tram
17554,v.le boezio,45.48004058173332,9.160295618398951,tram
17559,p.za ventiquattro maggio,45.45240463186968,9.179598548608698,tram
17582,v.le m.te grappa via gioia,45.480846478783576,9.18848357941463,tram
17611,via schiaparelli via p.te seveso,45.48970747526465,9.204763902267551,tram
17612,monumentale m5,45.484585837924605,9.180422663315968,tram
17613,p.le cim.monumentale via bramante,45.48431670659057,9.178038605563769,tram
17614,p.le cim.monumentale via bramante,45.48420808710504,9.178099364429496,tram
17615,monumentale m5,45.484603507163605,9.180633597316383,tram
17668,via farini via ferrari,45.48570429328243,9.182471191971818,tram
17701,via imbriani via scalvini,45.49893440063469,9.169157980853656,rapid_bus
17702,p.le nigra,45.49691612463999,9.170605761525223,rapid_bus
17703,via imbriani via scalvini,45.499116603247046,9.16941018447792,rapid_bus
17826,via ricasoli,45.46812012099802,9.179438742802477,tram
17897,via cusani,45.46888975737242,9.184630515418185,tram
17923,p.le negrelli,45.44422125913288,9.139287126102923,tram
18076,rozzano (via g.rossa),45.37693840702778,9.15001487046496,tram
18077,rozzano (via cabrini),45.38286265011227,9.161812845866,tram
18078,rozzano (via cabrini),45.38281438024487,9.16201412579714,tram
18079,v.le don lonni (rozzano),45.38190885299174,9.158908165531365,tram
18080,v.le don lonni (rozzano),45.381862260029806,9.15910471054418,tram
18081,v.le liguria via delle mimose (rozzano),45.380640367066015,9.154961185489295,tram
18082,v.le liguria via delle mimose (rozzano),45.38062092229626,9.155162209957592,tram
18083,v.le liguria via g.rossa (rozzano),45.3785887954788,9.148933384009236,tram
18084,v.le liguria via g.rossa (rozzano),45.37859922337708,9.149240911077554,tram
18120,p.ta venezia m1,45.47425607382905,9.205770528077156,tram
18519,l.go d'ancona,45.465890626588845,9.174859913668788,tram
19168,certosa fs,45.50697492272545,9.136058940109312,tram
19621,p.za ovidio,45.45705895128326,9.241831675191715,tram
19710,v.le ungheria l.go gonzaga ice hockey arena,45.44607143022376,9.250716064541136,tram
19724,via ripamonti via rutilia,45.43993117201127,9.1997868116346,tram
19725,via ripamonti via rutilia,45.44028655069268,9.199823583131224,tram
19734,p.za ovidio,45.458191319612695,9.2409177646906,tram
19735,p.za ovidio,45.45814641561096,9.24086545451448,tram
19739,via procaccini via nono,45.48399304568552,9.176634972108706,tram
19740,via procaccini via nono,45.484032026843586,9.175677311700753,tram
19842,via l. il moro via pestalozzi,45.44734426721803,9.15414030760781,tram
20070,argonne m4,45.46807158231631,9.230012272956248,rapid_bus
20072,argonne m4,45.46821756686004,9.23024640150734,rapid_bus
