stop_id,stop_name,lat,lon
19621,p.za ovidio,45.45705895128326,9.241831675191715
10199,via gonin via m di lorenteggio,45.44093107068621,9.118749916249588
10200,via gonin via m di lorenteggio,45.44106415462088,9.118842229210916
10204,via gonin via giordani,45.44247836232636,9.12352391833325
10205,via gonin via giordani,45.44268989368249,9.123834630280577
10305,p.le cimitero maggiore,45.502928086261775,9.121392903812598
10308,p.le cimitero maggiore,45.50328224643474,9.120652313236471
10314,v.le certosa (cimitero  maggiore),45.5033675161857,9.12213519633695
10323,roserio (ospedale sacco),45.51733729872277,9.119779662170174
10335,s.cristoforo m4,45.44472580925469,9.13043234772966
10336,s.cristoforo m4,45.44469925331765,9.130039087913772
10341,via giambellino via odazio,45.446345038257185,9.135141804929578
10342,via giambellino via odazio,45.44609357820742,9.134658486655628
10448,v.le certosa via giorgini,45.5022351938719,9.12464314886684
10449,v.le certosa via giorgini,45.50238433475264,9.12406747689934
10450,v.le certosa via cormons,45.50135578100206,9.126303583859016
10453,v.le certosa via cormons,45.50126529085,9.126738573580813
10456,v.le certosa via gradisca,45.49967740681406,9.130051662632674
10462,v.le certosa via gradisca,45.50014189166592,9.129225561781578
10464,v.le certosa via tibullo,45.497971921524055,9.13378665576698
10466,v.le certosa via tibullo,45.49815215520182,9.133603095242153
10469,p.le cacciatori delle alpi,45.504359877914304,9.136924686914126
10471,via grassi,45.513802251162446,9.125553821589817
10472,via grassi,45.513808916895115,9.125705150226784
10473,l.go boccioni,45.511592581787475,9.128058016148914
10474,l.go boccioni,45.51156967762677,9.128272284063932
10480,via mambretti,45.509306158805394,9.1320388193954
10481,via palizzi via mambretti,45.50841398428451,9.13494234263048
10519,p.le negrelli,45.444005911456685,9.139875736259691
10523,via l. il moro via guintellino,45.444904712600525,9.142690695421347
10524,via l. il moro via guintellino,45.44489179536145,9.1430231248203
10529,via l. il moro cavalcavia don milani,45.44571833550687,9.147016407878256
10530,via l. il moro cavalcavia don milani,45.445588610713,9.145870662441364
10536,"via l. il moro, 25",45.44652811411695,9.150720448845703
10537,"via l. il moro, 25",45.44642668693519,9.149707728710544
10539,l.go gelsomini l.go giambellino,45.447654036140165,9.13944156311927
10540,l.go gelsomini l.go giambellino,45.44761143459404,9.139100809261263
10547,via brunelleschi,45.448967640847215,9.1435273343716
10548,via giambellino via curio dentato,45.44869904326828,9.1423789446884
10556,via brunelleschi,45.44933743459898,9.14438340362566
10560,via giambellino via vignoli,45.4504966465041,9.147983117063587
10561,via giambellino via vignoli,45.45051215949748,9.148355436740491
10564,via giambellino via tolstoj,45.45126725805135,9.150649918150634
10612,p.za m.te falterona,45.47452216413171,9.139797338073892
10613,segesta m5,45.475385655529685,9.137824001744072
10618,p.za m.te falterona,45.47367399634515,9.141083961217277
10619,via dolci via ricciarelli,45.47243722722715,9.142533079854358
10621,via dolci via ricciarelli,45.472254005211894,9.142964222672116
10629,p.le brescia (osp. san luca),45.46979287228503,9.146020249809837
10630,p.le brescia (osp. san luca),45.47004057465215,9.1458833666212
10632,via faruffini via correggio,45.46832619524192,9.147967398578702
10633,de angeli m1,45.46702933726272,9.149678038918356
10634,via faruffini via correggio,45.46819674218928,9.148315547500198
10635,de angeli m1,45.4671102855096,9.149724623738528
10675,v.le certosa via casella,45.49438903812054,9.14168267685893
10678,v.le certosa via casella,45.49458732203127,9.141470402197053
10680,p.le accursio,45.493127125451295,9.144429751904152
10682,v.le espinasse via casella,45.495431038887475,9.143379475653012
10683,v.le espinasse via casella,45.4956148414301,9.143420460958136
10685,v.le espinasse p.le accursio,45.49413384309295,9.144484062115133
10686,v.le espinasse p.le accursio,45.49354369052311,9.144686492689354
10688,v.le certosa via grosotto,45.49162709922448,9.14797855700613
10689,v.le certosa via grosotto,45.491702126377994,9.147570996411568
10694,v.le certosa v.le serra,45.490113896018045,9.151055048943078
10697,v.le certosa via giannini,45.496175717361865,9.138009149774264
10698,v.le certosa via giannini,45.49629332246284,9.137516689327397
10699,v.le espinasse via palizzi,45.50300735563,9.13808820069383
10701,p.le santorre di santarosa,45.50093987967356,9.13953592219592
10703,v.le espinasse via palizzi,45.50280677283159,9.138688471407011
10705,p.le santorre di santarosa,45.50030460239752,9.140116735505783
10707,v.le espinasse via nuvolone,45.49785873372144,9.141827346750706
10708,v.le espinasse via nuvolone,45.49800755812345,9.141578138742169
10713,via c. marcello via m.te altissimo,45.50215081376329,9.143599447614204
10716,via c. marcello (villapizzone),45.50091379674572,9.14595294733107
10717,via c. marcello (villapizzone),45.501053136794226,9.145892431139911
10720,p.za castelli,45.499239432710944,9.149644772346178
10721,via c. marcello via ferrario,45.50007090516614,9.147676733236112
10722,via c. marcello via ferrario,45.50000881182953,9.148000999343315
10723,p.za castelli,45.49897793033472,9.150041561357009
10724,p.za castelli,45.499100873388024,9.150686649891394
10725,certosa,45.50780271006252,9.137223460560156
10727,certosa,45.507971392919366,9.137091542694725
10820,via giambellino via tolstoj,45.45146927529911,9.151034109238145
10824,p.za napoli,45.45215953260474,9.153158861430898
10825,p.za napoli,45.45230407057084,9.153864214475911
10830,via l. il moro via pestalozzi,45.44748508461027,9.15531533197806
10844,ponte guido crepax,45.44823647078521,9.158742908554627
10845,ponte guido crepax,45.44815765061634,9.157849733278336
10846,via solari via stendhal,45.45390256343448,9.158789144588726
10848,via solari via stendhal,45.454073191861696,9.159070981976171
10850,ripa di p.ta ticinese via d'adda,45.448670740443234,9.160379370384351
10854,p.za del rosario,45.455260275854734,9.163018224743606
10855,p.za del rosario,45.45520692919273,9.16255445825692
10856,ripa di p.ta ticinese via lombardini,45.44948800549408,9.164253374156608
10857,ripa di p.ta ticinese via lombardini,45.449264600731816,9.16370592565482
10874,c.so vercelli via cherubini,45.466716500620365,9.158086307330638
10881,c.so vercelli via cherubini,45.46656236810577,9.158891766765198
10888,c.so vercelli l.go settimio severo,45.46632833210884,9.162108258790916
10890,p.le aquileia,45.46105535240566,9.163317780715609
10891,c.so vercelli l.go settimio severo,45.46637712535076,9.16261047856906
10893,p.le aquileia,45.46133245384763,9.163143985888142
10894,v.le s. michele del carso p.za de meis,45.46340023745391,9.164047341152544
10896,v.le s. michele del carso p.za de meis,45.4639229837198,9.164120715680388
10897,p.le baracca,45.465684940251315,9.164780241139372
10898,p.le baracca,45.46615210715993,9.16446386388881
10899,p.le baracca,45.46635593740335,9.164837798270412
10905,p.za piemonte,45.46706618563851,9.15356677883006
10906,p.za piemonte,45.46691547674653,9.15408617237739
10926,via monti via comerio,45.47618864405657,9.162317186204534
10931,via monti via savoia cavalleria,45.474358036849814,9.164699558163516
10932,via monti via savoia cavalleria,45.47474152189106,9.164043394314536
10944,c.so sempione via e. filiberto,45.48568960857371,9.158814255518172
10945,c.so sempione via e. filiberto,45.48613389304157,9.158395103692872
10947,p.za sei febbraio,45.477100070201566,9.1606693355928
10949,p.za sei febbraio,45.47772124232908,9.160595930031905
10953,c.so sempione via arona,45.484228992696174,9.160574393739855
10957,c.so sempione via arona,45.48398078105152,9.161061531310995
10960,domodossola fn m5,45.48242743348496,9.16295125554393
10961,domodossola fn m5,45.48213243002403,9.16351642495558
10965,v.le certosa v.le serra,45.489901761512726,9.15178274487719
10968,via da panicale,45.4932469974406,9.151385453218817
10969,via da panicale,45.493280213380366,9.15122023100174
10971,via bartolini v.le m.te ceneri,45.49107480323232,9.153606401636702
10972,via bartolini v.le m.te ceneri,45.491435708582834,9.152959505905436
10974,p.za prealpi,45.49458537971538,9.15346074585456
10975,p.za prealpi,45.49469342103691,9.15343864170231
10977,via mac mahon via artieri,45.495647657785554,9.155069654637066
10978,p.za firenze,45.48783379679555,9.156072059883783
10979,p.za firenze,45.487857761421544,9.15619451369246
10983,p.za firenze,45.48861761372335,9.156498999706564
10987,p.za firenze,45.48782788865606,9.157454906939863
10988,p.za firenze,45.48791795873158,9.157044126467486
10989,p.za firenze,45.48846978934965,9.156361562528614
10992,via mac mahon v.le m.te ceneri,45.49427457986053,9.15734345611059
10995,via mac mahon v.le m.te ceneri,45.49390149327058,9.158065894983254
10999,p.za caneva,45.48771134468527,9.16130727954638
11001,p.za caneva,45.4877921570341,9.161446673825624
11002,via mac mahon via caracciolo,45.49119188714067,9.16159624292082
11003,via mac mahon via caracciolo,45.491105362963154,9.161479846352744
11006,via mac mahon via p. eugenio,45.48941998543133,9.163727656976342
11008,p.za diocleziano,45.48771068210894,9.164930337809388
11009,p.za diocleziano,45.48803489500373,9.16552450117988
11010,via mac mahon via p. eugenio,45.489336481138906,9.16407490659778
11013,via mac mahon via bramantino,45.497822274139935,9.152679182546256
11014,via mac mahon via bramantino,45.49756958967033,9.153171259325436
11015,via mac mahon via artieri,45.496297389560304,9.154699621228762
11016,via mac mahon via artieri,45.49585749041538,9.15545313559327
11060,v.le romagna (rozzano),45.383450084794035,9.167271496215324
11061,v.le romagna (rozzano),45.383515731596674,9.167060996274811
11062,via grandi via buozzi (rozzano),45.38430256468405,9.170631857981071
11063,via grandi via buozzi (rozzano),45.383936547187865,9.170610232453331
11064,via curiel viale isonzo (rozzano),45.38910699322325,9.17208979310852
11065,via curiel viale isonzo (rozzano),45.389574997593385,9.172126340451626
11066,via curiel via lambro (rozzano),45.39426089864121,9.173022268929705
11067,via curiel via lambro (rozzano),45.39437078271812,9.172886441278273
11078,via dei missaglia via saponaro,45.41019143867493,9.174412044563203
11080,via dei missaglia via saponaro,45.41061633033413,9.17430348648128
11081,via dei missaglia via feraboli,45.41419224138045,9.174865835809516
11082,via dei missaglia via feraboli,45.41451757998066,9.174781517740168
11087,via curiel via maggi (rozzano),45.3982212426621,9.173456479017233
11088,via curiel via maggi (rozzano),45.3982866916617,9.173378065198632
11091,gratosoglio,45.40368470061791,9.173935845505806
11093,via dei missaglia via baroni,45.403840143156415,9.17463772960112
11094,gratosoglio,45.4036587543418,9.174441839253287
11095,via dei missaglia (scuola santarosa),45.40660278876406,9.17476999685518
11096,via dei missaglia (scuola santarosa),45.406789258457664,9.17458546291745
11105,via dei missaglia via de ruggiero,45.418250296222155,9.175477688396034
11106,via dei missaglia via de ruggiero,45.41858468778556,9.17535966663707
11107,via dei missaglia (isola anita),45.42311046167841,9.176840751854789
11108,via dei missaglia (isola anita),45.42277725509295,9.176948360581193
11109,via dei missaglia via s. abbondio,45.42475692150946,9.17698688581392
11110,via dei missaglia via s. abbondio,45.42449624009258,9.177092256109091
11111,via dei missaglia via boifava,45.42665402224709,9.177285812025584
11112,via dei missaglia via boifava,45.42706989960587,9.17718094880696
11130,p.za abbiategrasso m2,45.42929108740327,9.17745374284866
11131,p.za abbiategrasso m2,45.429426370378394,9.177600882229909
11135,via montegani via neera,45.433239900238085,9.177664955234611
11136,via montegani via neera,45.4329067207521,9.177754999863987
11137,via montegani via palmieri,45.434832555468915,9.178008738450217
11138,via montegani via palmieri,45.43512075228057,9.177904168312464
11139,via montegani v.le da cermenate,45.43724888237979,9.17830398996062
11162,via montegani v.le da cermenate,45.43816118429785,9.17830462038544
11163,via meda via spaventa,45.44013323290261,9.178618321448363
11164,via meda via spaventa,45.44133115950043,9.178645518576117
11165,v.le tibaldi via meda,45.44329644742155,9.179039055056634
11168,v.le tibaldi via meda,45.443787100020984,9.178978268749535
11169,l.go mahler,45.44579839270643,9.179261140195567
11171,via montevideo,45.456255379487835,9.165810809670749
11172,via montevideo,45.456281860823545,9.166170593775409
11173,via valenza alzaia nav. grande,45.450850748798544,9.1685540894815
11174,via valenza alzaia nav. grande,45.45068173039207,9.168099013984955
11175,v.le coni zugna via solari,45.45702777264718,9.169007178084527
11176,v.le coni zugna via solari,45.45705919719919,9.168505274256171
11177,p.ta genova m2,45.452415006679125,9.169855193776186
11178,p.ta genova m2,45.45277018297433,9.170100843185132
11179,p.ta genova m2,45.45341837612089,9.170021258564606
11181,p.ta genova m2,45.45355823411787,9.1697848904969
11182,p.ta genova m2,45.45329365286895,9.1704904287946
11184,v.le coni zugna via solari,45.45747038482218,9.168979848441568
11187,p.le cantore,45.45531001837954,9.172079622389516
11190,via vigevano via corsico,45.453062033046535,9.173441141264954
11191,via vigevano via corsico,45.45300703091922,9.17289170555046
11192,p.le cantore,45.4549974788167,9.172740570069172
11193,c.so colombo p.le cantore,45.45492721873755,9.172249516826437
11194,p.le cantore,45.455322672402815,9.17264239233721
11198,via vigevano v.le gorizia,45.45278505406227,9.175811896345914
11199,via vigevano v.le gorizia,45.452750771579645,9.176249178815285
11200,c.so genova via ariberto,45.45714426128227,9.175462685985169
11203,coni zugna m4,45.459416250190664,9.166030851838457
11204,coni zugna m4,45.459613201629054,9.165508867271797
11210,p.le baracca,45.46619801460055,9.165118758803455
11212,v.le coni zugna via solari,45.45721215736016,9.169227469015638
11216,s. maria delle grazie (cenacolo vinciano),45.46566415396233,9.17010436405913
11217,s. maria delle grazie (cenacolo vinciano),45.465736612920345,9.169800778496574
11225,de amicis m4,45.45803474457011,9.17656745157944
11230,l.go d'ancona,45.465809571367394,9.175143140955116
11231,l.go d'ancona,45.466146775018416,9.17536164378772
11233,l.go d'ancona,45.46658019134942,9.17500343039071
11234,de amicis m4,45.458497130281835,9.1774851086899
11241,c.so magenta via nirone,45.46580781017129,9.178011436558664
11242,conciliazione m1,45.46736287049656,9.165307164565158
11245,conciliazione m1,45.46787195459962,9.16529153363377
11246,via ariosto,45.46927082484032,9.165836097405096
11249,via ariosto,45.46995361139653,9.165919162747391
11251,l.go quinto alpini,45.47212238723958,9.167045400442529
11252,l.go quinto alpini,45.472603165441136,9.1675761390801
11253,l.go quinto alpini,45.472563614463105,9.16692356624594
11254,l.go quinto alpini,45.47209441853359,9.16770576414246
11255,via venti settembre,45.469857816471446,9.17064944698852
11256,via venti settembre,45.470183129496085,9.170009409460985
11258,via pagano via canova,45.474188246890954,9.170014813561432
11259,via pagano via canova,45.473612077660206,9.169326509128386
11261,arco della pace,45.477046713995016,9.170698110797138
11262,arco della pace,45.47630907908898,9.17151874060575
11263,p.za virgilio,45.468297821477705,9.172530012209029
11264,p.za virgilio,45.4684734392965,9.172464986260689
11266,via monti p.za virgilio,45.46754449144249,9.17368380604883
11269,cadorna m1 m2,45.46803057963247,9.17595425323818
11270,cadorna m1 m2,45.46795044154165,9.17625390492007
11279,c.so sempione via procaccini,45.48021139290065,9.16605453488117
11281,c.so sempione via procaccini,45.48032951430216,9.165749336333668
11282,c.so sempione via villasanta,45.479196548170435,9.16735864628568
11283,c.so sempione via villasanta,45.47935033067698,9.166951561055807
11284,c.so sempione via procaccini,45.48098485239347,9.166374199037762
11287,c.so sempione via canova,45.47787186499716,9.168973934673096
11289,p.za gramsci,45.48173444573206,9.167737503802172
11290,p.za gramsci,45.48203105968846,9.168023079752295
11291,c.so sempione via canova,45.47834145029435,9.168495603424534
11296,via procaccini via lomazzo,45.48333298161439,9.170203808755131
11297,via procaccini via lomazzo,45.48372327358008,9.17104310514032
11312,via bramante via sarpi,45.48181282743763,9.178824365212115
11313,p.le cim.monumentale via bramante,45.4838739760654,9.177696115682243
11316,p.za diocleziano,45.48761561141722,9.165318759439728
11317,p.za diocleziano,45.48835080843085,9.165364760447916
11320,via cenisio via induno,45.48752122372004,9.168322494567676
11321,via cenisio via induno,45.48762067620993,9.168914738086537
11322,cenisio m5,45.4874032914933,9.173055239299146
11323,cenisio m5,45.48750244738888,9.172977150159154
11325,lancetti,45.49519196896583,9.176027524368694
11326,lancetti,45.49525652165382,9.17567167390501
11329,bausan,45.501579206197185,9.166297125053218
11333,via imbriani via scalvini,45.49919562429124,9.16924486226842
11334,via imbriani via scalvini,45.498978083778894,9.169260505256904
11335,bausan,45.501795829706296,9.165883365680168
11338,p.le nigra,45.49639225870631,9.17130506220633
11339,p.le nigra,45.49695967048561,9.170739128015192
11419,l.go mahler,45.44610864437738,9.17944274121777
11441,c.so s. gottardo via lagrange,45.44866450074452,9.179724170257462
11442,c.so s. gottardo via lagrange,45.44900666933712,9.179642133371788
11443,p.za ventiquattro maggio,45.451872721308206,9.18013877931562
11444,p.za ventiquattro maggio,45.45232347201405,9.179045475425603
11445,p.za ventiquattro maggio,45.45322276501512,9.180210210884097
11448,p.za s. eustorgio,45.4537534786024,9.18043090961458
11451,v.le col di lana,45.45199723242266,9.183913410990664
11452,v.le col di lana,45.45213829072638,9.1834685684038
11458,p.ta lodovica,45.4510617844616,9.18628741826278
11459,p.ta lodovica,45.451566506749906,9.186592624788425
11460,p.ta lodovica,45.45178052085888,9.187113043220675
11461,p.ta lodovica,45.451590541729274,9.187488897083306
11462,c.so italia via lusardi,45.45407322428999,9.186945759190134
11463,c.so italia via lusardi,45.45363489253454,9.187016852601635
11464,s.sofia m4,45.45591143126358,9.187459206538568
11465,s.sofia m4,45.45668843821394,9.187397789759515
11469,via bocconi,45.45094292098397,9.190077843848924
11471,via bocconi,45.45098267141849,9.190601635406
11477,carrobbio,45.45972261090837,9.17972334326515
11480,carrobbio,45.459495059251104,9.181114282683682
11481,carrobbio,45.459904330633336,9.1812882608259
11482,carrobbio,45.46007845349362,9.180908468835083
11483,via meravigli,45.465710377431165,9.1810446058365
11484,via torino via s. maria valle,45.46078783616583,9.183232058843444
11485,via meravigli,45.46569129331792,9.181727301721423
11486,via torino via s. maria valle,45.46068177075323,9.183157274826115
11490,duomo m1 m3,45.464325959885464,9.18700965522402
11491,via orefici p.za cordusio,45.46456896535264,9.187226862890077
11492,cordusio m1,45.46548198087506,9.185848317612493
11493,cordusio m1,45.465669593851146,9.186818325837448
11494,cordusio m1,45.46585180590114,9.185470997657143
11497,cordusio m1,45.46620776326088,9.186134369498408
11498,c.so italia (missori m3),45.459311507231526,9.187849709487605
11499,c.so italia (missori m3),45.4601811302992,9.1882455531077
11500,duomo m1 m3,45.46296868848586,9.188402243406154
11502,duomo m1 m3,45.46330550936112,9.187622770081814
11503,duomo m1 m3,45.463254458666434,9.188562750320973
11504,duomo m1 m3,45.46347591120653,9.187999075706486
11505,duomo m1 m3,45.46391231041966,9.187986542717788
11509,via grossi,45.46557791415665,9.187838159399533
11510,missori m3,45.46020281179637,9.188842210392927
11511,missori m3,45.460495630207866,9.188571157325168
11512,duomo m1 m3,45.463212035597245,9.189723404831264
11514,missori m3,45.46092791205976,9.189938109637188
11515,missori m3,45.460757289224176,9.190403498650744
11519,sforza - policlinico m4,45.45771810164928,9.19309373346517
11520,sforza - policlinico m4,45.458207553886794,9.192461464513851
11521,foro buonaparte via ricasoli,45.467634018953824,9.179824306213852
11522,foro buonaparte via ricasoli,45.46758103888399,9.179170140678158
11532,arena,45.47537190479378,9.181389854529076
11533,arena,45.47522926782076,9.18157025170724
11535,cairoli m1,45.46815957117155,9.181930875941704
11536,cairoli m1,45.468313734990446,9.182578686466965
11541,lanza m2,45.47199799207993,9.182048643414484
11542,lanza m2,45.47219197535332,9.181967838276988
11544,via cusani,45.46886445187909,9.184554650682662
11546,via cusani,45.46884117578953,9.184833167968163
11547,via cusani,45.46938518368561,9.18517554397744
11548,via cusani,45.46952911116477,9.185230382817346
11557,teatro alla scala,45.46638177706048,9.188888157447282
11558,teatro alla scala,45.467576994365245,9.190046631454276
11560,montenapoleone m3,45.46930642086593,9.192004890696548
11566,p.za lega lombarda,45.477903241662034,9.1804143997544
11567,via bramante via giannone,45.47956353647919,9.179918629950532
11568,via bramante via sarpi,45.48155074180805,9.179079980775192
11570,p.za lega lombarda,45.47812482392751,9.180776512107071
11572,p.za lega lombarda,45.47872181271618,9.180743935997134
11573,v.le montello,45.47987787644189,9.18110108468675
11574,v.le montello,45.48024701416969,9.181039889499262
11575,p.le baiamonti,45.481664021867225,9.181444132062362
11577,p.le baiamonti,45.4831068841092,9.181527435465505
11587,via farini via ferrari,45.4851500972392,9.181852403671645
11588,via farini via ferrari,45.48546482140464,9.182047673123732
11608,via bernina,45.495611838336465,9.180949841735748
11609,via farini via valtellina,45.489054333796,9.182911289111962
11610,via bernina,45.495621351880054,9.181569586971792
11611,via ugo bassi,45.48867730387098,9.18332549678961
11612,via farini via valtellina,45.4893054836904,9.183150496607023
11613,via farini via alserio,45.49098974364801,9.183832084479816
11614,via farini via alserio,45.49160187419151,9.183988346859788
11615,via ugo bassi,45.48880219246709,9.184026532980194
11616,via farini v.le stelvio,45.49433576783999,9.18528274617908
11617,via farini v.le stelvio,45.494597379908576,9.18502205768185
11618,via farini v.le stelvio,45.49483069187968,9.185362755782863
11619,via porro lambertenghi,45.48920738713457,9.186712024911944
11627,via porro lambertenghi,45.48909443927795,9.186978789660248
11631,p.le lagosta,45.48963897341251,9.190827286428684
11639,zara m3 m5,45.492032980217104,9.192173121797197
11664,v.le ca' granda via cherasco,45.50831932211891,9.191811817452718
11672,v.le ca' granda via cherasco,45.50848475987346,9.19226220632162
11713,via ripamonti via dell'assunta,45.4333161717579,9.201071121319622
11714,via ripamonti via quaranta,45.436146434470416,9.200649290548377
11715,via ripamonti via quaranta,45.43561677237774,9.200625490498505
11720,via ripamonti via noto,45.43143570210281,9.201782632256156
11721,via ripamonti via noto,45.43177940386007,9.201499039467258
11722,via ripamonti via dell'assunta,45.43380206435492,9.201088325921983
11736,v.le isonzo via ripamonti,45.44674522769278,9.197977018981394
11737,v.le isonzo via ripamonti,45.44672945908752,9.197903461874796
11740,via ripamonti via lorenzini,45.44348002293067,9.198896103890084
11741,via ripamonti via lorenzini,45.44328048803333,9.198859562998551
11752,v.le bligny,45.45090604545045,9.193742376802811
11753,v.le bligny,45.45098528274888,9.19439979095626
11754,crocetta m3,45.45542365427531,9.195554496164709
11755,via ripamonti v.le sabotino,45.45090103164595,9.19629857258388
11756,via ripamonti v.le sabotino,45.4506962029816,9.196959069927312
11757,via ripamonti v.le sabotino,45.45116147571736,9.196639965997722
11758,c.so p.ta vigentina,45.45352498699214,9.196210144233184
11759,c.so p.ta vigentina,45.453635659510994,9.19601832189448
11761,crocetta m3,45.455933809596694,9.195599791853091
11762,crocetta m3,45.45614365872691,9.196577317135022
11764,crocetta m3,45.45617131635051,9.196096206429816
11765,via ripamonti via bellezza,45.44831105372781,9.19756358557396
11766,via ripamonti via bellezza,45.44887523839076,9.197298118532354
11767,via ripamonti v.le sabotino,45.45098063076161,9.197118902587311
11770,via lamarmora via commenda,45.45669776671941,9.199342625124988
11771,v.le sabotino,45.45088502359765,9.200341234407166
11772,v.le sabotino,45.45098403718012,9.200530148921374
11773,p.ta romana m3,45.451396587576184,9.202418303630257
11774,via lamarmora,45.45730191623963,9.202997837114411
11775,via lamarmora via commenda,45.45688714484742,9.201236948080451
11777,p.ta romana m3,45.45168363503676,9.20259900760179
11782,v.le monte nero via pier lombardo,45.45526993588801,9.204260309975428
11783,v.le monte nero via pier lombardo,45.45494993879496,9.204230738881323
11788,p.za fontana,45.46332715809376,9.19402878413009
11793,via larga,45.46271294536127,9.194209656471095
11794,via larga,45.46237318133517,9.193722512687314
11797,l.go augusto,45.46276079362171,9.197616917306744
11798,l.go augusto,45.46253700352338,9.197855123542665
11810,palazzo di giustizia,45.46237590702857,9.20002205110529
11816,palazzo di giustizia,45.46230073107984,9.200777154151076
11820,c.so p.ta vittoria (camera del lavoro),45.46235095045023,9.203298874538834
11823,c.so p.ta vittoria (camera del lavoro),45.46227484327708,9.203826994576833
11824,v.le monte nero via bergamo,45.45750944492381,9.205608489649782
11825,v.le monte nero via bergamo,45.45741526206413,9.205425892894082
11826,v.le monte nero via bergamo,45.45772621378816,9.206025472200643
11827,v.le monte nero via bergamo,45.45752630740749,9.206241648486923
11829,montenapoleone m3,45.47023651978441,9.19290033578832
11830,via manzoni via pisoni,45.47103511282447,9.193786878785662
11835,p.za cavour,45.47262704969325,9.195105720202932
11837,turati m3,45.47603911678434,9.194703267244645
11838,turati m3,45.47556213980143,9.194658447982988
11840,p.za cavour,45.472784386419434,9.195211806901224
11849,v.le vittorio veneto,45.47691009776966,9.201130567295465
11850,v.le vittorio veneto,45.4764553896733,9.201220110561994
11855,v.le piave,45.47220645935906,9.206526974577947
11856,p.ta venezia m1,45.47444499613835,9.205625238634466
11859,p.le principessa clotilde (osp. fatebenefratelli),45.48034954236224,9.19256537746768
11860,p.le principessa clotilde (osp. fatebenefratelli),45.4802217377368,9.19273613976948
11862,v.le monte santo,45.47934661471528,9.194915376269666
11863,v.le monte santo,45.479736813316414,9.194827692595076
11864,v.le monte santo,45.47965804076672,9.194200422370384
11871,repubblica m3,45.47812115342001,9.197441874076157
11874,p.za s. gioachimo,45.48082320724001,9.197296333804054
11876,repubblica m3,45.47789070166693,9.197790551220702
11877,repubblica m3,45.4782062337019,9.197398502982985
11879,via filzi via adda,45.48311479542391,9.199410801098663
11880,via filzi via pirelli,45.48355060420022,9.199834595405816
11882,v.le vittorio veneto,45.476743105447994,9.200348862820288
11886,v.le tunisia,45.47831168894563,9.202584528541951
11887,v.le tunisia,45.478450338859254,9.203072818100743
11888,v.le tunisia,45.478851153211075,9.20292071940093
11889,stazione centrale p.za duca d'aosta m2 m3,45.4842311347843,9.20316611768015
11890,stazione centrale p.za duca d'aosta m2 m3,45.48463486810332,9.202595957089894
11891,p.za cincinnato,45.47990247478578,9.203930486996136
11892,p.za cincinnato,45.47992918102203,9.204096917129524
11893,via vitruvio,45.482485821873865,9.206406123847737
11898,zara m3 m5,45.49234399728089,9.192977017699096
11903,marche m5,45.495920263590705,9.195016487166756
11909,p.za carbonari,45.494715885530496,9.197495137149213
11910,p.za carbonari,45.49481492878691,9.197476285326433
11915,stazione centrale m2 m3,45.486869355467746,9.202076277618572
11916,stazione centrale m2 m3,45.48681688394865,9.201869913455752
11923,stazione centrale m2 m3,45.486997621809294,9.202777088985387
11925,v.le lunigiana via gioia,45.49223104929301,9.203707149508348
11929,stazione centrale via tonale,45.48860480486675,9.203722892428264
11930,stazione centrale via tonale,45.48820219293961,9.203478905862209
11936,v.le lunigiana,45.491075501590686,9.205995690951148
11938,v.le lunigiana,45.491448035690105,9.205534377793295
11944,marche m5,45.495917171118414,9.19438471500985
11947,v.le zara via laurana,45.499444650806424,9.1963775804137
11948,v.le zara via laurana,45.49894327019319,9.196754671960903
11950,istria m5,45.50155385388465,9.197550144460571
11956,istria m5,45.50184994076185,9.198387637790482
11958,v.le testi via dolcebuono,45.50408128384495,9.1989965807933
11961,v.le testi via dolcebuono,45.50404137749107,9.19960928423722
11963,v.le ca' granda via val furva,45.50764777269474,9.194661813814127
11964,v.le ca' granda via val furva,45.507749324159235,9.195425922466802
11966,v.le ca' granda v.le suzzani,45.50687778173158,9.19781859769552
11968,v.le ca' granda v.le suzzani,45.50703745334873,9.198310473477992
11972,ca' granda m5,45.506362153017584,9.20001390385169
11973,ca' granda m5,45.5067659320817,9.200509795573875
11974,ca' granda m5,45.5066486308005,9.199908399825675
11977,ca' granda m5,45.50672884402273,9.20112756787578
11978,v.le testi via pianell,45.508018111924365,9.20190034384794
11979,v.le testi via pianell,45.50878030460146,9.20164968507854
11986,v.le testi via s. marcellina,45.51163797824656,9.203263400142786
12051,via bergamo,45.45640467659549,9.2092718985126
12052,via bergamo,45.45645034469113,9.208909162025549
12056,via cadore via bergamo,45.455699785993815,9.210802429390142
12059,via cadore via bergamo,45.45551396778391,9.211505154983712
12062,via comelico,45.45469608828346,9.213275006953548
12065,v.le umbria via comelico,45.453478646298066,9.214506156268348
12067,via comelico,45.4546004225982,9.213802073123356
12069,via tito livio,45.45198619959204,9.21598078781625
12071,v.le umbria via comelico,45.45371807671948,9.215352721772218
12074,via tito livio,45.45189980510451,9.216448840309864
12082,p.za salgari,45.45032672131082,9.220066695697929
12086,v.le monte nero via spartaco,45.459597301951945,9.207113006219911
12088,v.le monte nero via spartaco,45.459959232909966,9.207267340744531
12089,p.za 5 giornate,45.461785620455714,9.207715177176931
12090,p.za 5 giornate,45.461763770655935,9.207360280011478
12091,p.za 5 giornate,45.4627626707168,9.20747822385298
12092,v.le premuda,45.465328259705885,9.207314165573909
12093,v.le premuda,45.4654590314144,9.207172337081303
12094,p.za 5 giornate,45.46221127485078,9.208755999215418
12095,p.za 5 giornate,45.46230262123693,9.208027380601882
12098,p.za s.maria del suffragio,45.462282525129055,9.211623156174529
12099,p.za s.maria del suffragio,45.46219023166235,9.211041631028047
12108,via cadore c.so ventidue marzo,45.46218757534091,9.21427691441972
12111,via cadore c.so ventidue marzo,45.462253804838625,9.2149582814346
12125,p.za emilia,45.46224835509944,9.217839415346
12126,p.za emilia,45.46216150426289,9.218542580875404
12127,p.za grandi,45.46222129165059,9.220221618881414
12129,tricolore m4,45.46750801145576,9.207124274516683
12130,tricolore m4,45.46823636548964,9.206885074228826
12132,v.le piave,45.472029528760785,9.206844609730808
12133,v.le piave,45.47168805051787,9.206718937394156
12136,p.za otto novembre,45.47475903014011,9.210843912863314
12139,via bixio,45.47236038585983,9.21096198107905
12140,via bixio,45.47247228389951,9.2112950219205
12141,p.za otto novembre,45.47463232780918,9.211402232468105
12145,p.za adelaide di savoia,45.47278202757693,9.214141088054951
12146,p.za adelaide di savoia,45.47319213909165,9.214281280805803
12154,p.za adelaide di savoia,45.47303185399691,9.215314224179386
12163,p.za ascoli,45.47325876634246,9.216698374343764
12168,p.za ascoli,45.47302664429523,9.218064776204171
12169,p.za ascoli,45.473832393207566,9.217981522516704
12172,via vitruvio,45.48216163236909,9.206491311093409
12174,via vitruvio,45.48253945136378,9.206704403566038
12175,via settembrini,45.48353076476618,9.2078829144272
12180,via settembrini,45.48377001796959,9.208032671950154
12182,caiazzo m2,45.4851535610539,9.20946292194136
12183,caiazzo m2,45.485571004515144,9.210064288238849
12242,v.le brianza,45.487641738599194,9.21222821077916
12243,v.le brianza,45.48818101281523,9.212650927110529
12245,via venini via battaglia,45.489348537382014,9.214046992880917
12246,via venini via battaglia,45.48975758209727,9.214314080544472
12247,via venini via sauli,45.490794862037,9.215556154786611
12248,via venini via sauli,45.49133437109302,9.21584775308184
12249,p.za morbegno,45.49336723796191,9.216121704188591
12253,p.za morbegno,45.49263841264195,9.216430227279831
12254,greco rovereto,45.49499902311141,9.216241700590931
12280,bicocca m5,45.5149208573665,9.20573092571042
12281,v.le rodi (bicocca m5),45.51501712831899,9.206696535391169
12302,v.le testi via s. glicerio,45.51876625044593,9.207305305229152
12306,v.le testi via s. glicerio,45.51860861143341,9.207834313226146
12311,ponale m5,45.522033034632145,9.209168052395942
12312,ponale m5,45.52217514286526,9.209845564438591
12320,bignami m5,45.525952534368486,9.212013919695272
12374,p.le cuoco,45.451208925527496,9.22464517995122
12382,p.le cuoco,45.451208281540474,9.224972880756129
12383,via del turchino via maspero,45.45180214990913,9.227350712949214
12384,via del turchino via maspero,45.45187886144405,9.22724871210418
12385,via monte velino,45.45306348705708,9.22892428667122
12387,via varsavia via m.te velino,45.452605181533514,9.229216218127757
12390,p.za grandi,45.46216635145518,9.221065259416491
12391,v.le campania v.le corsica,45.46218610428,9.224432887690067
12392,v.le campania v.le corsica,45.46213464935473,9.223465308544506
12400,v.le corsica via battistotti sassi,45.46231937041979,9.22826027171177
12402,v.le corsica via lomellina,45.46223458349075,9.229487090590029
12405,v.le corsica via lomellina,45.46229914642892,9.23095031487797
12407,v.le corsica via negroli,45.46218340607653,9.231962690810034
12412,p.za aspari,45.471680889423006,9.221845327399706
12413,p.za aspari,45.471914030180805,9.220926147734758
12415,p.za carlo erba,45.4748934928489,9.220859409872055
12418,p.za carlo erba,45.475310517846545,9.221646260444304
12422,p.za ferravilla,45.47094022599633,9.224281248930456
12423,p.za ferravilla,45.47104985821336,9.223365800285755
12429,v.le romagna via pascoli,45.47586485674989,9.223214083227406
12431,v.le romagna via pascoli,45.47635864737583,9.224205986983176
12435,via pascoli p.za l. da vinci,45.47677861324805,9.22551259502855
12437,via b. angelico via colombo,45.47095733622032,9.22684712253318
12438,via b. angelico via colombo,45.470876181532205,9.226498127758187
12443,via b. angelico via aselli,45.47089727815646,9.229878793512496
12450,via b. angelico via aselli,45.47098117433685,9.23068028910347
12460,via amadeo via paladini,45.47092169361387,9.233379344769215
12461,via amadeo via paladini,45.47101111211282,9.233669152676889
12486,via pascoli p.za l. da vinci,45.4771255012519,9.22559560418945
12489,p.za leonardo da vinci (politecnico),45.47909650940822,9.225702617023908
12490,p.za leonardo da vinci (politecnico),45.47934197918333,9.226743172021244
12494,via bassini via ponzio,45.479264094675734,9.229688855658514
12499,via bassini via ponzio,45.479368940427214,9.230269844750223
12505,via bassini via golgi,45.48023577306946,9.233964737691384
12620,"v.le ungheria, 20",45.44580809567046,9.246282918699524
12641,via mecenate via maderna,45.455646038100994,9.24427286278118
12642,via mecenate via maderna,45.455465844811826,9.24466945211157
12643,via mecenate via zante,45.45419780068076,9.2462530218908
12644,via mecenate via zante,45.45411619289881,9.246530829717283
12646,stazione forlanini m4,45.462009501371945,9.236148620863736
12647,stazione forlanini m4,45.46207532295142,9.235993025594349
12650,repetti m4,45.46165421118109,9.238198461917907
12651,repetti m4,45.46151046560943,9.238068351094052
12676,via amadeo via s. benigno,45.47113957470838,9.236611634636883
12677,via amadeo via s. benigno,45.47094287364035,9.23621625455744
12678,ortica,45.47140759272796,9.237825069550068
12698,via bassini via golgi,45.4805529405094,9.234518935887394
12703,via valvassori peroni,45.48119474760347,9.236346997248123
12704,via valvassori peroni,45.4814593750227,9.236783141160762
12707,stazione lambrate m2,45.48456675956885,9.235868893005335
12709,stazione lambrate m2,45.48490155702625,9.236472175762389
12717,rimembranze di lambrate,45.48268501623365,9.241402532988134
12820,v.le ungheria l.go gonzaga ice hockey arena,45.44603792317299,9.251501488576352
12822,v.le ungheria via mecenate,45.44704785397293,9.255201668485372
12823,v.le ungheria via mecenate,45.44681827957813,9.25469807577781
12827,v.le ungheria,45.44581533862783,9.24531669778912
12832,via mecenate via fantoli,45.450794001198105,9.251040247392869
12834,via mecenate via fantoli,45.45108777289942,9.250475662360678
12838,via mecenate via quintiliano,45.449326910842615,9.2530462592214
12840,via mecenate via quintiliano,45.44934986572017,9.252841753663052
12937,de angeli m1,45.46668800714686,9.149135079876666
12938,duomo m1 m3,45.46367544983308,9.187073971613197
12941,p.le lagosta,45.48956188453012,9.19147655617521
12969,p.ta venezia v.le tunisia,45.476608952532565,9.20679510069933
12970,p.ta venezia v.le tunisia,45.476473202372304,9.207390197643406
12978,bausan,45.50239737402972,9.164973409751406
12979,v.le ungheria,45.44524847293079,9.245223136241789
12984,lorenteggio,45.441747475420506,9.116991911575235
12991,p.za s. gioachimo,45.481460925635496,9.198079067048944
13172,p.za salgari,45.45047994697821,9.219958590464826
14187,via torino via palla,45.461657156823335,9.185577182166291
14188,via torino via palla,45.46154013372412,9.185583194324126
14884,bignami m5,45.525694433737726,9.211244570230615
14904,via c. marcello via m.te altissimo,45.5019995985647,9.142691511583433
14905,p.le santorre di santarosa,45.50084452155528,9.140230068507222
14909,roserio (ospedale sacco),45.51735433955295,9.119743259753845
14970,roserio (ospedale sacco),45.517672494770174,9.119795812333074
14972,v.le espinasse via palizzi,45.50288801542231,9.13890389158896
14998,p.le accursio,45.492826234712865,9.145373362710924
15049,p.le cim.monumentale via bramante,45.48365904602226,9.17775109003586
15077,colonne di s.lorenzo,45.45720453834456,9.18096147975383
15078,colonne di s.lorenzo,45.456831267684585,9.180789225877252
15082,vigentino,45.42188720066654,9.20339432922544
15083,via ripamonti via chopin,45.425522128098166,9.203409227012258
15084,via ripamonti via val di sole,45.429143768300854,9.202439218112843
15085,via ripamonti via chopin,45.425377276507234,9.203367113107555
15099,via ripamonti via val di sole,45.428639660184416,9.202466181565448
15286,via pulci v.le sarca,45.51428623210236,9.207517910012951
15287,universitÃ  bicocca scienza,45.513618781181584,9.211277465029568
15288,universitÃ  bicocca scienza,45.51373279831758,9.211276290665584
15289,stazione greco pirelli,45.51343311822967,9.214047605706757
15290,stazione greco pirelli,45.513367580493146,9.213884958008247
15291,arcimboldi ateneo nuovo,45.51589219687067,9.213776436985416
15292,arcimboldi ateneo nuovo,45.51571827384108,9.21372710236836
15293,l.go mattei,45.51393890643063,9.221282311375068
15294,l.go mattei,45.514047300597454,9.221084294482806
15365,medeghino,45.43142424938511,9.18049458421704
15366,medeghino,45.4314547547512,9.180345684201727
15367,agrippa,45.4327383282065,9.183059578495534
15368,agrippa,45.43278906031751,9.182911930563169
15369,volvinio,45.43462552146468,9.183710054824274
15370,volvinio,45.43440514773011,9.1836150544798
15371,g. da cermenate,45.43772680366979,9.183451606788358
15372,g. da cermenate,45.43763573948679,9.183378857626428
15373,pezzotti,45.44121965072845,9.18318001140699
15374,pezzotti,45.4407078778589,9.18310104111813
15375,tibaldi,45.444414635468235,9.183423693006358
15376,tibaldi,45.444450946769265,9.18323200701786
15377,giambologna,45.445679450262425,9.18466315336087
15378,giambologna,45.44555532333733,9.184530734613755
15379,castelbarco,45.448759601069774,9.1856196669502
15380,castelbarco,45.44866933593362,9.185465853286235
15381,p.za fontana,45.463371063877226,9.194050730638898
15384,maciachini m3,45.49815443689674,9.185789405475711
15385,maciachini m3,45.49824939992581,9.185554675134629
15386,valassina,45.50106328467576,9.188264459930874
15387,valassina,45.50103786663731,9.188105313503476
15388,nizza,45.50316056955988,9.189139302729386
15389,nizza,45.50303318247823,9.188962823642196
15390,niguarda (ospedale),45.50864873291231,9.189595638022602
15391,niguarda (ospedale),45.50858334986449,9.18941635278673
15392,girola,45.51122108159406,9.190850022718967
15393,girola,45.51114918892264,9.190667697444082
15394,niguarda centro,45.51456899620006,9.191316700632118
15395,niguarda centro,45.514447652096834,9.191210424337797
15396,niguarda nord,45.51886455283385,9.192046218473465
15397,niguarda nord,45.51883110061227,9.191914917821968
15398,cascina california,45.52172773155432,9.19221802032753
15401,v.le lunigiana,45.49142682052756,9.20562947592763
15411,niguarda (ospedale),45.508654058689366,9.190507808649985
15412,niguarda (ospedale),45.50894724935432,9.190403465292045
15429,cascina california,45.5216109378032,9.192087979127688
15528,via filzi via galvani,45.484813844515045,9.20063400723434
15529,via filzi via pirelli,45.48422517961918,9.20012008547802
15533,maciachini m3,45.497516281898925,9.185686660070834
15581,niguarda (parco nord),45.52486396910041,9.192267007929871
15612,v.le lunigiana via gioia,45.49241447173912,9.203580433705463
15647,tremelloni,45.51394650534023,9.22752194409156
15648,precotto m1,45.51360829700353,9.224656089695875
15649,precotto m1,45.513493160393615,9.224713896559864
15650,tremelloni,45.51384546522201,9.227619234206244
15689,p.za lega lombarda,45.47801940414625,9.180525659585236
15873,via tremelloni via anassagora,45.51429807371847,9.231082702913431
15877,cinisello (primo maggio),45.55990332992874,9.211074207329633
15878,monte ortigara (cinisello b.),45.55981435467517,9.213389703322932
15879,villa ghirlanda (cinisello b.),45.557912045883974,9.214617457111364
15880,liberta' (cinisello b.),45.553272781487934,9.216640065322474
15881,gorky monfalcone (cinisello b.),45.551070258031984,9.21759244535878
15882,parco nord (osp.bassini)(cinisello b.),45.545636919425654,9.21800660024646
15883,parco nord (ist. tecnico)(cinisello b.),45.53735952531537,9.217606638084243
15884,parco nord clerici (sesto s.g.),45.533696875327806,9.215380272701989
15885,parco nord clerici (sesto s.g.),45.53379221865485,9.215644859939337
15886,parco nord (ist. tecnico)(cinisello b.),45.53749638409426,9.217866769879947
15887,parco nord (osp.bassini)(cinisello b.),45.545709873343085,9.21812378435188
15888,gorky monfalcone (cinisello b.),45.55119604102562,9.217713033855023
15889,liberta' (cinisello b.),45.55341220923322,9.21668544074144
15890,villa ghirlanda (cinisello b.),45.558019941434864,9.21467872721515
15893,gramsci (cinisello b.),45.5556394795764,9.215507024087616
15894,parco nord (torretta),45.52980427087123,9.213350968450529
15895,parco nord (torretta),45.52982772561776,9.213554483922843
15896,gramsci (cinisello b.),45.55579044551431,9.215624754304477
15926,monte ortigara (cinisello b.),45.55973154409931,9.213911649038089
16961,p.za castello (cairoli m1),45.46937150544387,9.181748636314412
17142,niguarda (ospedale),45.50854811700057,9.189760515716252
17157,v.le testi via la farina,45.51670546320756,9.20614699412662
17158,bicocca m5,45.51492178087722,9.205121295914225
17160,v.le testi via la farina,45.51622580093298,9.20648762720938
17171,via mambretti,45.50948243509889,9.131379947445758
17303,v.le testi via s. marcellina,45.51166509241163,9.203964605047576
17326,stazione garibaldi m2 m5,45.48391370590025,9.186249594071988
17327,via farini via ferrari,45.48573172106831,9.182436205886363
17328,via farini via ferrari,45.48560810067087,9.182718808448858
17329,stazione garibaldi m2 m5,45.483717818289925,9.18637062479918
17330,via rosales,45.481261486204446,9.188254838689312
17331,v.le m.te grappa via gioia,45.48072143020596,9.189658904798817
17337,p.le lagosta,45.49003088833755,9.191315937947223
17360,segesta m5,45.47552216441688,9.138659316175117
17436,repubblica m3,45.47797288895953,9.1976816630066
17466,p.za esquilino,45.47609211913172,9.1324140155842
17467,san siro ippodromo m5,45.47612818087658,9.128411158826651
17468,p.za axum (stadio meazza),45.4761684742418,9.124526651381418
17469,san siro stadio m5,45.47675202586568,9.122094962674586
17470,san siro stadio m5,45.47609820129283,9.12307963052924
17471,san siro ippodromo m5,45.476047243756526,9.12834700527964
17472,p.za esquilino,45.47598976817096,9.131688534266488
17473,segesta m5,45.47570217839544,9.138247496747164
17550,domodossola fn m5,45.48144588812151,9.161850828668369
17551,domodossola fn m5,45.48139760715048,9.162041429524873
17552,v.le boezio,45.47971505314088,9.160172378315668
17553,p.za ventiquattro maggio,45.451869007087986,9.17931141081176
17554,v.le boezio,45.48004058173332,9.160295618398951
17559,p.za ventiquattro maggio,45.45240463186968,9.179598548608698
17582,v.le m.te grappa via gioia,45.480846478783576,9.18848357941463
17611,via schiaparelli via p.te seveso,45.48970747526465,9.204763902267551
17612,monumentale m5,45.484585837924605,9.180422663315968
17613,p.le cim.monumentale via bramante,45.48431670659057,9.178038605563769
17614,p.le cim.monumentale via bramante,45.48420808710504,9.178099364429496
17615,monumentale m5,45.484603507163605,9.180633597316383
17668,via farini via ferrari,45.48570429328243,9.182471191971818
17826,via ricasoli,45.46812012099802,9.179438742802477
17923,p.le negrelli,45.44422125913288,9.139287126102923
18076,rozzano (via g.rossa),45.37693840702778,9.15001487046496
18077,rozzano (via cabrini),45.38286265011227,9.161812845866
18078,rozzano (via cabrini),45.38281438024487,9.16201412579714
18079,v.le don lonni (rozzano),45.38190885299174,9.158908165531365
18080,v.le don lonni (rozzano),45.381862260029806,9.15910471054418
18081,v.le liguria via delle mimose (rozzano),45.380640367066015,9.154961185489295
18082,v.le liguria via delle mimose (rozzano),45.38062092229626,9.155162209957592
18083,v.le liguria via g.rossa (rozzano),45.3785887954788,9.148933384009236
18084,v.le liguria via g.rossa (rozzano),45.37859922337708,9.149240911077554
18120,p.ta venezia m1,45.47425607382905,9.205770528077156
18519,l.go d'ancona,45.465890626588845,9.174859913668788
19168,certosa fs,45.50697492272545,9.136058940109312
19710,v.le ungheria l.go gonzaga ice hockey arena,45.44607143022376,9.250716064541136
19724,via ripamonti via rutilia,45.43993117201127,9.1997868116346
19725,via ripamonti via rutilia,45.44028655069268,9.199823583131224
19734,p.za ovidio,45.458191319612695,9.2409177646906
19735,p.za ovidio,45.45814641561096,9.24086545451448
19739,via procaccini via nono,45.48399304568552,9.176634972108706
19740,via procaccini via nono,45.484032026843586,9.175677311700753
19842,via l. il moro via pestalozzi,45.44734426721803,9.15414030760781
19918,via adriano via vipiteno,45.51389149097711,9.24560687393472
19919,via adriano via lussu,45.517127883196345,9.243964411120688
19920,via tremelloni via tognazzi,45.51674430790918,9.240380441974107
19921,via tremelloni via gassman,45.515890773316265,9.235976475693896
19922,via tremelloni via anassagora,45.5144157764107,9.23109292681757
19924,via tremelloni via gassman,45.51570008330803,9.236109791493398
19925,via tremelloni via tognazzi,45.51663205142695,9.240580130460645
19926,via adriano via lussu,45.516984271403814,9.243787937856691
19927,via adriano via vipiteno,45.51394094450772,9.245349935233843
